"relative_path","size_bytes","LastWriteTime"
".gitignore","298","7/6/2026 2:17:23 PM"
"00_Admin\COURSE_INFO.md","463","7/6/2026 2:17:23 PM"
"03_Homeworks\HW1\code\starter_code\alignment_model.py","1978","9/1/2025 1:51:40 PM"
"03_Homeworks\HW1\code\starter_code\data\1.jpg","55764","9/1/2025 1:51:40 PM"
"03_Homeworks\HW1\code\starter_code\data\2.jpg","71320","9/1/2025 1:51:40 PM"
"03_Homeworks\HW1\code\starter_code\data\3.jpg","59455","9/1/2025 1:51:40 PM"
"03_Homeworks\HW1\code\starter_code\data\4.jpg","77596","9/1/2025 1:51:40 PM"
"03_Homeworks\HW1\code\starter_code\data\5.jpg","64600","9/1/2025 1:51:40 PM"
"03_Homeworks\HW1\code\starter_code\data\6.jpg","60624","9/1/2025 1:51:40 PM"
"03_Homeworks\HW1\code\starter_code\helpers.py","421","9/1/2025 1:51:40 PM"
"03_Homeworks\HW1\code\starter_code\main.py","1137","9/11/2025 12:17:28 AM"
"03_Homeworks\HW1\code\starter_code\metrics.py","887","9/1/2025 1:51:40 PM"
"03_Homeworks\HW1\problem_statement\CS59300_CVD_HW1.pdf","15977172","1/19/2026 6:10:50 PM"
"03_Homeworks\HW1\report_template\main.tex","997","1/21/2026 2:38:14 PM"
"03_Homeworks\HW1\report_template\math_commands.tex","12276","9/1/2025 1:51:36 PM"
"03_Homeworks\HW1\report_template\student_response\report.tex","748","9/1/2025 1:51:36 PM"
"03_Homeworks\HW1\report_template\style_include.tex","5075","9/1/2025 1:51:36 PM"
"03_Homeworks\HW1\report_template\symbols.sty","2329","9/1/2025 1:51:36 PM"
"03_Homeworks\HW2\code\CS59300_CVD_HW2.pdf","1569421","2/9/2026 10:08:58 AM"
"03_Homeworks\HW2\code\report_template\main.tex","997","2/5/2026 3:21:26 PM"
"03_Homeworks\HW2\code\report_template\math_commands.tex","12276","9/22/2025 3:15:38 AM"
"03_Homeworks\HW2\code\report_template\student_response\report.tex","748","9/22/2025 3:15:38 AM"
"03_Homeworks\HW2\code\report_template\style_include.tex","5075","9/22/2025 3:15:38 AM"
"03_Homeworks\HW2\code\report_template\symbols.sty","2329","9/22/2025 3:15:38 AM"
"03_Homeworks\HW2\code\starter_code\alignment_model.py","1978","9/22/2025 3:15:44 AM"
"03_Homeworks\HW2\code\starter_code\data\part1\1.jpg","55764","9/22/2025 3:15:44 AM"
"03_Homeworks\HW2\code\starter_code\data\part1\2.jpg","71320","9/22/2025 3:15:44 AM"
"03_Homeworks\HW2\code\starter_code\data\part1\3.jpg","59455","9/22/2025 3:15:44 AM"
"03_Homeworks\HW2\code\starter_code\data\part1\4.jpg","77596","9/22/2025 3:15:44 AM"
"03_Homeworks\HW2\code\starter_code\data\part1\5.jpg","64600","9/22/2025 3:15:44 AM"
"03_Homeworks\HW2\code\starter_code\data\part1\6.jpg","60624","9/22/2025 3:15:44 AM"
"03_Homeworks\HW2\code\starter_code\data\part2\butterfly.jpg","137615","9/22/2025 3:15:44 AM"
"03_Homeworks\HW2\code\starter_code\data\part2\einstein.jpg","94329","9/22/2025 3:15:44 AM"
"03_Homeworks\HW2\code\starter_code\data\part2\fishes.jpg","40870","9/22/2025 3:15:44 AM"
"03_Homeworks\HW2\code\starter_code\data\part2\sunflowers.jpg","144341","9/22/2025 3:15:44 AM"
"03_Homeworks\HW2\code\starter_code\diff_alignment.py","2276","10/1/2025 11:51:00 PM"
"03_Homeworks\HW2\code\starter_code\main_p1.py","1187","9/22/2025 3:15:44 AM"
"03_Homeworks\HW2\code\starter_code\main_p2.py","1587","9/22/2025 3:15:44 AM"
"03_Homeworks\HW2\code\starter_code\metrics.py","1028","9/22/2025 3:15:44 AM"
"03_Homeworks\HW2\code\starter_code\utils\draw_helper.py","923","9/22/2025 3:15:44 AM"
"03_Homeworks\HW2\code\starter_code\utils\io_helper.py","408","9/22/2025 3:15:44 AM"
"03_Homeworks\HW2\code\starter_code\utils\misc_helper.py","368","9/22/2025 3:15:44 AM"
"03_Homeworks\HW3\code\hw3\hw3.pdf","112893","3/26/2026 1:50:20 PM"
"03_Homeworks\HW3\code\hw3\report_template\main.tex","995","10/24/2025 4:49:48 PM"
"03_Homeworks\HW3\code\hw3\report_template\math_commands.tex","12276","10/24/2025 4:49:48 PM"
"03_Homeworks\HW3\code\hw3\report_template\student_response\report.tex","748","10/24/2025 4:49:48 PM"
"03_Homeworks\HW3\code\hw3\report_template\style_include.tex","5075","10/24/2025 4:49:48 PM"
"03_Homeworks\HW3\code\hw3\report_template\symbols.sty","2329","10/24/2025 4:49:48 PM"
"03_Homeworks\HW3\code\hw3\starter_code\part1\data\uttower_left.jpg","191463","10/24/2025 4:50:00 PM"
"03_Homeworks\HW3\code\hw3\starter_code\part1\data\uttower_right.jpg","189757","10/24/2025 4:50:00 PM"
"03_Homeworks\HW3\code\hw3\starter_code\part1\helpers.py","4650","10/24/2025 4:50:00 PM"
"03_Homeworks\HW3\code\hw3\starter_code\part1\image_stitcher.py","4103","10/24/2025 4:50:00 PM"
"03_Homeworks\HW3\code\hw3\starter_code\part1\main.py","1203","10/24/2025 4:50:00 PM"
"03_Homeworks\HW3\code\hw3\starter_code\part2\data\croppedyale\yaleB01\DEADJOE","103","8/27/2025 1:26:20 PM"
"03_Homeworks\HW3\code\hw3\starter_code\part2\data\croppedyale\yaleB01\yaleB01_P00.info","574","8/27/2025 1:26:20 PM"
"03_Homeworks\HW3\code\hw3\starter_code\part2\data\croppedyale\yaleB01\yaleB01_P00_Ambient.pgm","32271","8/27/2025 1:26:22 PM"
"03_Homeworks\HW3\code\hw3\starter_code\part2\data\croppedyale\yaleB01\yaleB01_P00A+000E+00.pgm","32271","8/27/2025 1:26:20 PM"
"03_Homeworks\HW3\code\hw3\starter_code\part2\data\croppedyale\yaleB01\yaleB01_P00A+000E+20.pgm","32271","8/27/2025 1:26:20 PM"
"03_Homeworks\HW3\code\hw3\starter_code\part2\data\croppedyale\yaleB01\yaleB01_P00A+000E+45.pgm","32271","8/27/2025 1:26:20 PM"
"03_Homeworks\HW3\code\hw3\starter_code\part2\data\croppedyale\yaleB01\yaleB01_P00A+000E+90.pgm","32271","8/27/2025 1:26:20 PM"
"03_Homeworks\HW3\code\hw3\starter_code\part2\data\croppedyale\yaleB01\yaleB01_P00A+000E-20.pgm","32271","8/27/2025 1:26:20 PM"
"03_Homeworks\HW3\code\hw3\starter_code\part2\data\croppedyale\yaleB01\yaleB01_P00A+000E-35.pgm","32271","8/27/2025 1:26:22 PM"
"03_Homeworks\HW3\code\hw3\starter_code\part2\data\croppedyale\yaleB01\yaleB01_P00A+005E+10.pgm","32271","8/27/2025 1:26:22 PM"
"03_Homeworks\HW3\code\hw3\starter_code\part2\data\croppedyale\yaleB01\yaleB01_P00A+005E-10.pgm","32271","8/27/2025 1:26:20 PM"
"03_Homeworks\HW3\code\hw3\starter_code\part2\data\croppedyale\yaleB01\yaleB01_P00A+010E+00.pgm","32271","8/27/2025 1:26:20 PM"
"03_Homeworks\HW3\code\hw3\starter_code\part2\data\croppedyale\yaleB01\yaleB01_P00A+010E-20.pgm","32271","8/27/2025 1:26:20 PM"
"03_Homeworks\HW3\code\hw3\starter_code\part2\data\croppedyale\yaleB01\yaleB01_P00A+015E+20.pgm","32271","8/27/2025 1:26:20 PM"
"03_Homeworks\HW3\code\hw3\starter_code\part2\data\croppedyale\yaleB01\yaleB01_P00A+020E+10.pgm","32271","8/27/2025 1:26:20 PM"
"03_Homeworks\HW3\code\hw3\starter_code\part2\data\croppedyale\yaleB01\yaleB01_P00A+020E-10.pgm","32271","8/27/2025 1:26:20 PM"
"03_Homeworks\HW3\code\hw3\starter_code\part2\data\croppedyale\yaleB01\yaleB01_P00A+020E-40.pgm","32271","8/27/2025 1:26:22 PM"
"03_Homeworks\HW3\code\hw3\starter_code\part2\data\croppedyale\yaleB01\yaleB01_P00A+025E+00.pgm","32271","8/27/2025 1:26:20 PM"
"03_Homeworks\HW3\code\hw3\starter_code\part2\data\croppedyale\yaleB01\yaleB01_P00A+035E+15.pgm","32271","8/27/2025 1:26:20 PM"
"03_Homeworks\HW3\code\hw3\starter_code\part2\data\croppedyale\yaleB01\yaleB01_P00A+035E+40.pgm","32271","8/27/2025 1:26:20 PM"
"03_Homeworks\HW3\code\hw3\starter_code\part2\data\croppedyale\yaleB01\yaleB01_P00A+035E+65.pgm","32271","8/27/2025 1:26:20 PM"
"03_Homeworks\HW3\code\hw3\starter_code\part2\data\croppedyale\yaleB01\yaleB01_P00A+035E-20.pgm","32271","8/27/2025 1:26:20 PM"
"03_Homeworks\HW3\code\hw3\starter_code\part2\data\croppedyale\yaleB01\yaleB01_P00A+050E+00.pgm","32271","8/27/2025 1:26:20 PM"
"03_Homeworks\HW3\code\hw3\starter_code\part2\data\croppedyale\yaleB01\yaleB01_P00A+050E-40.pgm","32271","8/27/2025 1:26:22 PM"
"03_Homeworks\HW3\code\hw3\starter_code\part2\data\croppedyale\yaleB01\yaleB01_P00A+060E+20.pgm","32271","8/27/2025 1:26:20 PM"
"03_Homeworks\HW3\code\hw3\starter_code\part2\data\croppedyale\yaleB01\yaleB01_P00A+060E-20.pgm","32271","8/27/2025 1:26:22 PM"
"03_Homeworks\HW3\code\hw3\starter_code\part2\data\croppedyale\yaleB01\yaleB01_P00A+070E+00.pgm","32271","8/27/2025 1:26:22 PM"
"03_Homeworks\HW3\code\hw3\starter_code\part2\data\croppedyale\yaleB01\yaleB01_P00A+070E+45.pgm","32271","8/27/2025 1:26:22 PM"
"03_Homeworks\HW3\code\hw3\starter_code\part2\data\croppedyale\yaleB01\yaleB01_P00A+070E-35.pgm","32271","8/27/2025 1:26:22 PM"
"03_Homeworks\HW3\code\hw3\starter_code\part2\data\croppedyale\yaleB01\yaleB01_P00A+085E+20.pgm","32271","8/27/2025 1:26:22 PM"
"03_Homeworks\HW3\code\hw3\starter_code\part2\data\croppedyale\yaleB01\yaleB01_P00A+085E-20.pgm","32271","8/27/2025 1:26:22 PM"
"03_Homeworks\HW3\code\hw3\starter_code\part2\data\croppedyale\yaleB01\yaleB01_P00A+095E+00.pgm","32271","8/27/2025 1:26:22 PM"
"03_Homeworks\HW3\code\hw3\starter_code\part2\data\croppedyale\yaleB01\yaleB01_P00A+110E+15.pgm","32271","8/27/2025 1:26:22 PM"
"03_Homeworks\HW3\code\hw3\starter_code\part2\data\croppedyale\yaleB01\yaleB01_P00A+110E+40.pgm","32271","8/27/2025 1:26:22 PM"
"03_Homeworks\HW3\code\hw3\starter_code\part2\data\croppedyale\yaleB01\yaleB01_P00A+110E+65.pgm","32271","8/27/2025 1:26:22 PM"
"03_Homeworks\HW3\code\hw3\starter_code\part2\data\croppedyale\yaleB01\yaleB01_P00A+110E-20.pgm","32271","8/27/2025 1:26:22 PM"
"03_Homeworks\HW3\code\hw3\starter_code\part2\data\croppedyale\yaleB01\yaleB01_P00A+120E+00.pgm","32271","8/27/2025 1:26:22 PM"
"03_Homeworks\HW3\code\hw3\starter_code\part2\data\croppedyale\yaleB01\yaleB01_P00A+130E+20.pgm","32271","8/27/2025 1:26:22 PM"
"03_Homeworks\HW3\code\hw3\starter_code\part2\data\croppedyale\yaleB01\yaleB01_P00A-005E+10.pgm","32271","8/27/2025 1:26:22 PM"
"03_Homeworks\HW3\code\hw3\starter_code\part2\data\croppedyale\yaleB01\yaleB01_P00A-005E-10.pgm","32271","8/27/2025 1:26:22 PM"
"03_Homeworks\HW3\code\hw3\starter_code\part2\data\croppedyale\yaleB01\yaleB01_P00A-010E+00.pgm","32271","8/27/2025 1:26:22 PM"
"03_Homeworks\HW3\code\hw3\starter_code\part2\data\croppedyale\yaleB01\yaleB01_P00A-010E-20.pgm","32271","8/27/2025 1:26:22 PM"
"03_Homeworks\HW3\code\hw3\starter_code\part2\data\croppedyale\yaleB01\yaleB01_P00A-015E+20.pgm","32271","8/27/2025 1:26:22 PM"
"03_Homeworks\HW3\code\hw3\starter_code\part2\data\croppedyale\yaleB01\yaleB01_P00A-020E+10.pgm","32271","8/27/2025 1:26:22 PM"
"03_Homeworks\HW3\code\hw3\starter_code\part2\data\croppedyale\yaleB01\yaleB01_P00A-020E-10.pgm","32271","8/27/2025 1:26:22 PM"
"03_Homeworks\HW3\code\hw3\starter_code\part2\data\croppedyale\yaleB01\yaleB01_P00A-020E-40.pgm","32271","8/27/2025 1:26:22 PM"
"03_Homeworks\HW3\code\hw3\starter_code\part2\data\croppedyale\yaleB01\yaleB01_P00A-025E+00.pgm","32271","8/27/2025 1:26:22 PM"
"03_Homeworks\HW3\code\hw3\starter_code\part2\data\croppedyale\yaleB01\yaleB01_P00A-035E+15.pgm","32271","8/27/2025 1:26:22 PM"
"03_Homeworks\HW3\code\hw3\starter_code\part2\data\croppedyale\yaleB01\yaleB01_P00A-035E+40.pgm","32271","8/27/2025 1:26:22 PM"
"03_Homeworks\HW3\code\hw3\starter_code\part2\data\croppedyale\yaleB01\yaleB01_P00A-035E+65.pgm","32271","8/27/2025 1:26:22 PM"
"03_Homeworks\HW3\code\hw3\starter_code\part2\data\croppedyale\yaleB01\yaleB01_P00A-035E-20.pgm","32271","8/27/2025 1:26:22 PM"
"03_Homeworks\HW3\code\hw3\starter_code\part2\data\croppedyale\yaleB01\yaleB01_P00A-050E+00.pgm","32271","8/27/2025 1:26:22 PM"
"03_Homeworks\HW3\code\hw3\starter_code\part2\data\croppedyale\yaleB01\yaleB01_P00A-050E-40.pgm","32271","8/27/2025 1:26:22 PM"
"03_Homeworks\HW3\code\hw3\starter_code\part2\data\croppedyale\yaleB01\yaleB01_P00A-060E+20.pgm","32271","8/27/2025 1:26:22 PM"
"03_Homeworks\HW3\code\hw3\starter_code\part2\data\croppedyale\yaleB01\yaleB01_P00A-060E-20.pgm","32271","8/27/2025 1:26:22 PM"
"03_Homeworks\HW3\code\hw3\starter_code\part2\data\croppedyale\yaleB01\yaleB01_P00A-070E+00.pgm","32271","8/27/2025 1:26:22 PM"
"03_Homeworks\HW3\code\hw3\starter_code\part2\data\croppedyale\yaleB01\yaleB01_P00A-070E+45.pgm","32271","8/27/2025 1:26:22 PM"
"03_Homeworks\HW3\code\hw3\starter_code\part2\data\croppedyale\yaleB01\yaleB01_P00A-070E-35.pgm","32271","8/27/2025 1:26:22 PM"
"03_Homeworks\HW3\code\hw3\starter_code\part2\data\croppedyale\yaleB01\yaleB01_P00A-085E+20.pgm","32271","8/27/2025 1:26:22 PM"
"03_Homeworks\HW3\code\hw3\starter_code\part2\data\croppedyale\yaleB01\yaleB01_P00A-085E-20.pgm","32271","8/27/2025 1:26:22 PM"
"03_Homeworks\HW3\code\hw3\starter_code\part2\data\croppedyale\yaleB01\yaleB01_P00A-095E+00.pgm","32271","8/27/2025 1:26:22 PM"
"03_Homeworks\HW3\code\hw3\starter_code\part2\data\croppedyale\yaleB01\yaleB01_P00A-110E+15.pgm","32271","8/27/2025 1:26:22 PM"
"03_Homeworks\HW3\code\hw3\starter_code\part2\data\croppedyale\yaleB01\yaleB01_P00A-110E+40.pgm","32271","8/27/2025 1:26:22 PM"
"03_Homeworks\HW3\code\hw3\starter_code\part2\data\croppedyale\yaleB01\yaleB01_P00A-110E+65.pgm","32271","8/27/2025 1:26:22 PM"
"03_Homeworks\HW3\code\hw3\starter_code\part2\data\croppedyale\yaleB01\yaleB01_P00A-110E-20.pgm","32271","8/27/2025 1:26:24 PM"
"03_Homeworks\HW3\code\hw3\starter_code\part2\data\croppedyale\yaleB01\yaleB01_P00A-120E+00.pgm","32271","8/27/2025 1:26:22 PM"
"03_Homeworks\HW3\code\hw3\starter_code\part2\data\croppedyale\yaleB01\yaleB01_P00A-130E+20.pgm","32271","8/27/2025 1:26:22 PM"
"03_Homeworks\HW3\code\hw3\starter_code\part2\data\croppedyale\yaleB02\yaleB02_P00.info","574","8/27/2025 1:26:22 PM"
"03_Homeworks\HW3\code\hw3\starter_code\part2\data\croppedyale\yaleB02\yaleB02_P00_Ambient.pgm","32271","8/27/2025 1:26:26 PM"
"03_Homeworks\HW3\code\hw3\starter_code\part2\data\croppedyale\yaleB02\yaleB02_P00A+000E+00.pgm","32271","8/27/2025 1:26:24 PM"
"03_Homeworks\HW3\code\hw3\starter_code\part2\data\croppedyale\yaleB02\yaleB02_P00A+000E+20.pgm","32271","8/27/2025 1:26:22 PM"
"03_Homeworks\HW3\code\hw3\starter_code\part2\data\croppedyale\yaleB02\yaleB02_P00A+000E+45.pgm","32271","8/27/2025 1:26:22 PM"
"03_Homeworks\HW3\code\hw3\starter_code\part2\data\croppedyale\yaleB02\yaleB02_P00A+000E+90.pgm","32271","8/27/2025 1:26:22 PM"
"03_Homeworks\HW3\code\hw3\starter_code\part2\data\croppedyale\yaleB02\yaleB02_P00A+000E-20.pgm","32271","8/27/2025 1:26:22 PM"
"03_Homeworks\HW3\code\hw3\starter_code\part2\data\croppedyale\yaleB02\yaleB02_P00A+000E-35.pgm","32271","8/27/2025 1:26:24 PM"
"03_Homeworks\HW3\code\hw3\starter_code\part2\data\croppedyale\yaleB02\yaleB02_P00A+005E+10.pgm","32271","8/27/2025 1:26:22 PM"
"03_Homeworks\HW3\code\hw3\starter_code\part2\data\croppedyale\yaleB02\yaleB02_P00A+005E-10.pgm","32271","8/27/2025 1:26:24 PM"
"03_Homeworks\HW3\code\hw3\starter_code\part2\data\croppedyale\yaleB02\yaleB02_P00A+010E+00.pgm","32271","8/27/2025 1:26:24 PM"
"03_Homeworks\HW3\code\hw3\starter_code\part2\data\croppedyale\yaleB02\yaleB02_P00A+010E-20.pgm","32271","8/27/2025 1:26:24 PM"
"03_Homeworks\HW3\code\hw3\starter_code\part2\data\croppedyale\yaleB02\yaleB02_P00A+015E+20.pgm","32271","8/27/2025 1:26:24 PM"
"03_Homeworks\HW3\code\hw3\starter_code\part2\data\croppedyale\yaleB02\yaleB02_P00A+020E+10.pgm","32271","8/27/2025 1:26:24 PM"
"03_Homeworks\HW3\code\hw3\starter_code\part2\data\croppedyale\yaleB02\yaleB02_P00A+020E-10.pgm","32271","8/27/2025 1:26:24 PM"
"03_Homeworks\HW3\code\hw3\starter_code\part2\data\croppedyale\yaleB02\yaleB02_P00A+020E-40.pgm","32271","8/27/2025 1:26:24 PM"
"03_Homeworks\HW3\code\hw3\starter_code\part2\data\croppedyale\yaleB02\yaleB02_P00A+025E+00.pgm","32271","8/27/2025 1:26:24 PM"
"03_Homeworks\HW3\code\hw3\starter_code\part2\data\croppedyale\yaleB02\yaleB02_P00A+035E+15.pgm","32271","8/27/2025 1:26:24 PM"
"03_Homeworks\HW3\code\hw3\starter_code\part2\data\croppedyale\yaleB02\yaleB02_P00A+035E+40.pgm","32271","8/27/2025 1:26:24 PM"
"03_Homeworks\HW3\code\hw3\starter_code\part2\data\croppedyale\yaleB02\yaleB02_P00A+035E+65.pgm","32271","8/27/2025 1:26:24 PM"
"03_Homeworks\HW3\code\hw3\starter_code\part2\data\croppedyale\yaleB02\yaleB02_P00A+035E-20.pgm","32271","8/27/2025 1:26:24 PM"
"03_Homeworks\HW3\code\hw3\starter_code\part2\data\croppedyale\yaleB02\yaleB02_P00A+050E+00.pgm","32271","8/27/2025 1:26:24 PM"
"03_Homeworks\HW3\code\hw3\starter_code\part2\data\croppedyale\yaleB02\yaleB02_P00A+050E-40.pgm","32271","8/27/2025 1:26:24 PM"
"03_Homeworks\HW3\code\hw3\starter_code\part2\data\croppedyale\yaleB02\yaleB02_P00A+060E+20.pgm","32271","8/27/2025 1:26:24 PM"
"03_Homeworks\HW3\code\hw3\starter_code\part2\data\croppedyale\yaleB02\yaleB02_P00A+060E-20.pgm","32271","8/27/2025 1:26:24 PM"
"03_Homeworks\HW3\code\hw3\starter_code\part2\data\croppedyale\yaleB02\yaleB02_P00A+070E+00.pgm","32271","8/27/2025 1:26:24 PM"
"03_Homeworks\HW3\code\hw3\starter_code\part2\data\croppedyale\yaleB02\yaleB02_P00A+070E+45.pgm","32271","8/27/2025 1:26:24 PM"
"03_Homeworks\HW3\code\hw3\starter_code\part2\data\croppedyale\yaleB02\yaleB02_P00A+070E-35.pgm","32271","8/27/2025 1:26:24 PM"
"03_Homeworks\HW3\code\hw3\starter_code\part2\data\croppedyale\yaleB02\yaleB02_P00A+085E+20.pgm","32271","8/27/2025 1:26:24 PM"
"03_Homeworks\HW3\code\hw3\starter_code\part2\data\croppedyale\yaleB02\yaleB02_P00A+085E-20.pgm","32271","8/27/2025 1:26:24 PM"
"03_Homeworks\HW3\code\hw3\starter_code\part2\data\croppedyale\yaleB02\yaleB02_P00A+095E+00.pgm","32271","8/27/2025 1:26:24 PM"
"03_Homeworks\HW3\code\hw3\starter_code\part2\data\croppedyale\yaleB02\yaleB02_P00A+110E+15.pgm","32271","8/27/2025 1:26:24 PM"
"03_Homeworks\HW3\code\hw3\starter_code\part2\data\croppedyale\yaleB02\yaleB02_P00A+110E+40.pgm","32271","8/27/2025 1:26:24 PM"
"03_Homeworks\HW3\code\hw3\starter_code\part2\data\croppedyale\yaleB02\yaleB02_P00A+110E+65.pgm","32271","8/27/2025 1:26:24 PM"
"03_Homeworks\HW3\code\hw3\starter_code\part2\data\croppedyale\yaleB02\yaleB02_P00A+110E-20.pgm","32271","8/27/2025 1:26:24 PM"
"03_Homeworks\HW3\code\hw3\starter_code\part2\data\croppedyale\yaleB02\yaleB02_P00A+120E+00.pgm","32271","8/27/2025 1:26:24 PM"
"03_Homeworks\HW3\code\hw3\starter_code\part2\data\croppedyale\yaleB02\yaleB02_P00A+130E+20.pgm","32271","8/27/2025 1:26:24 PM"
"03_Homeworks\HW3\code\hw3\starter_code\part2\data\croppedyale\yaleB02\yaleB02_P00A-005E+10.pgm","32271","8/27/2025 1:26:24 PM"
"03_Homeworks\HW3\code\hw3\starter_code\part2\data\croppedyale\yaleB02\yaleB02_P00A-005E-10.pgm","32271","8/27/2025 1:26:24 PM"
"03_Homeworks\HW3\code\hw3\starter_code\part2\data\croppedyale\yaleB02\yaleB02_P00A-010E+00.pgm","32271","8/27/2025 1:26:24 PM"
"03_Homeworks\HW3\code\hw3\starter_code\part2\data\croppedyale\yaleB02\yaleB02_P00A-010E-20.pgm","32271","8/27/2025 1:26:26 PM"
"03_Homeworks\HW3\code\hw3\starter_code\part2\data\croppedyale\yaleB02\yaleB02_P00A-015E+20.pgm","32271","8/27/2025 1:26:24 PM"
"03_Homeworks\HW3\code\hw3\starter_code\part2\data\croppedyale\yaleB02\yaleB02_P00A-020E+10.pgm","32271","8/27/2025 1:26:24 PM"
"03_Homeworks\HW3\code\hw3\starter_code\part2\data\croppedyale\yaleB02\yaleB02_P00A-020E-10.pgm","32271","8/27/2025 1:26:24 PM"
"03_Homeworks\HW3\code\hw3\starter_code\part2\data\croppedyale\yaleB02\yaleB02_P00A-020E-40.pgm","32271","8/27/2025 1:26:24 PM"
"03_Homeworks\HW3\code\hw3\starter_code\part2\data\croppedyale\yaleB02\yaleB02_P00A-025E+00.pgm","32271","8/27/2025 1:26:26 PM"
"03_Homeworks\HW3\code\hw3\starter_code\part2\data\croppedyale\yaleB02\yaleB02_P00A-035E+15.pgm","32271","8/27/2025 1:26:24 PM"
"03_Homeworks\HW3\code\hw3\starter_code\part2\data\croppedyale\yaleB02\yaleB02_P00A-035E+40.pgm","32271","8/27/2025 1:26:24 PM"
"03_Homeworks\HW3\code\hw3\starter_code\part2\data\croppedyale\yaleB02\yaleB02_P00A-035E+65.pgm","32271","8/27/2025 1:26:24 PM"
"03_Homeworks\HW3\code\hw3\starter_code\part2\data\croppedyale\yaleB02\yaleB02_P00A-035E-20.pgm","32271","8/27/2025 1:26:26 PM"
"03_Homeworks\HW3\code\hw3\starter_code\part2\data\croppedyale\yaleB02\yaleB02_P00A-050E+00.pgm","32271","8/27/2025 1:26:26 PM"
"03_Homeworks\HW3\code\hw3\starter_code\part2\data\croppedyale\yaleB02\yaleB02_P00A-050E-40.pgm","32271","8/27/2025 1:26:24 PM"
"03_Homeworks\HW3\code\hw3\starter_code\part2\data\croppedyale\yaleB02\yaleB02_P00A-060E+20.pgm","32271","8/27/2025 1:26:24 PM"
"03_Homeworks\HW3\code\hw3\starter_code\part2\data\croppedyale\yaleB02\yaleB02_P00A-060E-20.pgm","32271","8/27/2025 1:26:24 PM"
"03_Homeworks\HW3\code\hw3\starter_code\part2\data\croppedyale\yaleB02\yaleB02_P00A-070E+00.pgm","32271","8/27/2025 1:26:26 PM"
"03_Homeworks\HW3\code\hw3\starter_code\part2\data\croppedyale\yaleB02\yaleB02_P00A-070E+45.pgm","32271","8/27/2025 1:26:26 PM"
"03_Homeworks\HW3\code\hw3\starter_code\part2\data\croppedyale\yaleB02\yaleB02_P00A-070E-35.pgm","32271","8/27/2025 1:26:26 PM"
"03_Homeworks\HW3\code\hw3\starter_code\part2\data\croppedyale\yaleB02\yaleB02_P00A-085E+20.pgm","32271","8/27/2025 1:26:26 PM"
"03_Homeworks\HW3\code\hw3\starter_code\part2\data\croppedyale\yaleB02\yaleB02_P00A-085E-20.pgm","32271","8/27/2025 1:26:26 PM"
"03_Homeworks\HW3\code\hw3\starter_code\part2\data\croppedyale\yaleB02\yaleB02_P00A-095E+00.pgm","32271","8/27/2025 1:26:26 PM"
"03_Homeworks\HW3\code\hw3\starter_code\part2\data\croppedyale\yaleB02\yaleB02_P00A-110E+15.pgm","32271","8/27/2025 1:26:26 PM"
"03_Homeworks\HW3\code\hw3\starter_code\part2\data\croppedyale\yaleB02\yaleB02_P00A-110E+40.pgm","32271","8/27/2025 1:26:26 PM"
"03_Homeworks\HW3\code\hw3\starter_code\part2\data\croppedyale\yaleB02\yaleB02_P00A-110E+65.pgm","32271","8/27/2025 1:26:26 PM"
"03_Homeworks\HW3\code\hw3\starter_code\part2\data\croppedyale\yaleB02\yaleB02_P00A-110E-20.pgm","32271","8/27/2025 1:26:26 PM"
"03_Homeworks\HW3\code\hw3\starter_code\part2\data\croppedyale\yaleB02\yaleB02_P00A-120E+00.pgm","32271","8/27/2025 1:26:26 PM"
"03_Homeworks\HW3\code\hw3\starter_code\part2\data\croppedyale\yaleB02\yaleB02_P00A-130E+20.pgm","32271","8/27/2025 1:26:26 PM"
"03_Homeworks\HW3\code\hw3\starter_code\part2\data\croppedyale\yaleB05\yaleB05_P00.info","574","8/27/2025 1:26:26 PM"
"03_Homeworks\HW3\code\hw3\starter_code\part2\data\croppedyale\yaleB05\yaleB05_P00_Ambient.pgm","32271","8/27/2025 1:26:28 PM"
"03_Homeworks\HW3\code\hw3\starter_code\part2\data\croppedyale\yaleB05\yaleB05_P00A+000E+00.pgm","32271","8/27/2025 1:26:26 PM"
"03_Homeworks\HW3\code\hw3\starter_code\part2\data\croppedyale\yaleB05\yaleB05_P00A+000E+20.pgm","32271","8/27/2025 1:26:26 PM"
"03_Homeworks\HW3\code\hw3\starter_code\part2\data\croppedyale\yaleB05\yaleB05_P00A+000E+45.pgm","32271","8/27/2025 1:26:26 PM"
"03_Homeworks\HW3\code\hw3\starter_code\part2\data\croppedyale\yaleB05\yaleB05_P00A+000E+90.pgm","32271","8/27/2025 1:26:26 PM"
"03_Homeworks\HW3\code\hw3\starter_code\part2\data\croppedyale\yaleB05\yaleB05_P00A+000E-20.pgm","32271","8/27/2025 1:26:26 PM"
"03_Homeworks\HW3\code\hw3\starter_code\part2\data\croppedyale\yaleB05\yaleB05_P00A+000E-35.pgm","32271","8/27/2025 1:26:26 PM"
"03_Homeworks\HW3\code\hw3\starter_code\part2\data\croppedyale\yaleB05\yaleB05_P00A+005E+10.pgm","32271","8/27/2025 1:26:26 PM"
"03_Homeworks\HW3\code\hw3\starter_code\part2\data\croppedyale\yaleB05\yaleB05_P00A+005E-10.pgm","32271","8/27/2025 1:26:26 PM"
"03_Homeworks\HW3\code\hw3\starter_code\part2\data\croppedyale\yaleB05\yaleB05_P00A+010E+00.pgm","32271","8/27/2025 1:26:26 PM"
"03_Homeworks\HW3\code\hw3\starter_code\part2\data\croppedyale\yaleB05\yaleB05_P00A+010E-20.pgm","32271","8/27/2025 1:26:26 PM"
"03_Homeworks\HW3\code\hw3\starter_code\part2\data\croppedyale\yaleB05\yaleB05_P00A+015E+20.pgm","32271","8/27/2025 1:26:26 PM"
"03_Homeworks\HW3\code\hw3\starter_code\part2\data\croppedyale\yaleB05\yaleB05_P00A+020E+10.pgm","32271","8/27/2025 1:26:26 PM"
"03_Homeworks\HW3\code\hw3\starter_code\part2\data\croppedyale\yaleB05\yaleB05_P00A+020E-10.pgm","32271","8/27/2025 1:26:26 PM"
"03_Homeworks\HW3\code\hw3\starter_code\part2\data\croppedyale\yaleB05\yaleB05_P00A+020E-40.pgm","32271","8/27/2025 1:26:26 PM"
"03_Homeworks\HW3\code\hw3\starter_code\part2\data\croppedyale\yaleB05\yaleB05_P00A+025E+00.pgm","32271","8/27/2025 1:26:26 PM"
"03_Homeworks\HW3\code\hw3\starter_code\part2\data\croppedyale\yaleB05\yaleB05_P00A+035E+15.pgm","32271","8/27/2025 1:26:28 PM"
"03_Homeworks\HW3\code\hw3\starter_code\part2\data\croppedyale\yaleB05\yaleB05_P00A+035E+40.pgm","32271","8/27/2025 1:26:26 PM"
"03_Homeworks\HW3\code\hw3\starter_code\part2\data\croppedyale\yaleB05\yaleB05_P00A+035E+65.pgm","32271","8/27/2025 1:26:26 PM"
"03_Homeworks\HW3\code\hw3\starter_code\part2\data\croppedyale\yaleB05\yaleB05_P00A+035E-20.pgm","32271","8/27/2025 1:26:26 PM"
"03_Homeworks\HW3\code\hw3\starter_code\part2\data\croppedyale\yaleB05\yaleB05_P00A+050E+00.pgm","32271","8/27/2025 1:26:26 PM"
"03_Homeworks\HW3\code\hw3\starter_code\part2\data\croppedyale\yaleB05\yaleB05_P00A+050E-40.pgm","32271","8/27/2025 1:26:26 PM"
"03_Homeworks\HW3\code\hw3\starter_code\part2\data\croppedyale\yaleB05\yaleB05_P00A+060E+20.pgm","32271","8/27/2025 1:26:26 PM"
"03_Homeworks\HW3\code\hw3\starter_code\part2\data\croppedyale\yaleB05\yaleB05_P00A+060E-20.pgm","32271","8/27/2025 1:26:26 PM"
"03_Homeworks\HW3\code\hw3\starter_code\part2\data\croppedyale\yaleB05\yaleB05_P00A+070E+00.pgm","32271","8/27/2025 1:26:26 PM"
"03_Homeworks\HW3\code\hw3\starter_code\part2\data\croppedyale\yaleB05\yaleB05_P00A+070E+45.pgm","32271","8/27/2025 1:26:26 PM"
"03_Homeworks\HW3\code\hw3\starter_code\part2\data\croppedyale\yaleB05\yaleB05_P00A+070E-35.pgm","32271","8/27/2025 1:26:26 PM"
"03_Homeworks\HW3\code\hw3\starter_code\part2\data\croppedyale\yaleB05\yaleB05_P00A+085E+20.pgm","32271","8/27/2025 1:26:28 PM"
"03_Homeworks\HW3\code\hw3\starter_code\part2\data\croppedyale\yaleB05\yaleB05_P00A+085E-20.pgm","32271","8/27/2025 1:26:28 PM"
"03_Homeworks\HW3\code\hw3\starter_code\part2\data\croppedyale\yaleB05\yaleB05_P00A+095E+00.pgm","32271","8/27/2025 1:26:26 PM"
"03_Homeworks\HW3\code\hw3\starter_code\part2\data\croppedyale\yaleB05\yaleB05_P00A+110E+15.pgm","32271","8/27/2025 1:26:26 PM"
"03_Homeworks\HW3\code\hw3\starter_code\part2\data\croppedyale\yaleB05\yaleB05_P00A+110E+40.pgm","32271","8/27/2025 1:26:26 PM"
"03_Homeworks\HW3\code\hw3\starter_code\part2\data\croppedyale\yaleB05\yaleB05_P00A+110E+65.pgm","32271","8/27/2025 1:26:26 PM"
"03_Homeworks\HW3\code\hw3\starter_code\part2\data\croppedyale\yaleB05\yaleB05_P00A+110E-20.pgm","32271","8/27/2025 1:26:28 PM"
"03_Homeworks\HW3\code\hw3\starter_code\part2\data\croppedyale\yaleB05\yaleB05_P00A+120E+00.pgm","32271","8/27/2025 1:26:26 PM"
"03_Homeworks\HW3\code\hw3\starter_code\part2\data\croppedyale\yaleB05\yaleB05_P00A+130E+20.pgm","32271","8/27/2025 1:26:26 PM"
"03_Homeworks\HW3\code\hw3\starter_code\part2\data\croppedyale\yaleB05\yaleB05_P00A-005E+10.pgm","32271","8/27/2025 1:26:28 PM"
"03_Homeworks\HW3\code\hw3\starter_code\part2\data\croppedyale\yaleB05\yaleB05_P00A-005E-10.pgm","32271","8/27/2025 1:26:26 PM"
"03_Homeworks\HW3\code\hw3\starter_code\part2\data\croppedyale\yaleB05\yaleB05_P00A-010E+00.pgm","32271","8/27/2025 1:26:28 PM"
"03_Homeworks\HW3\code\hw3\starter_code\part2\data\croppedyale\yaleB05\yaleB05_P00A-010E-20.pgm","32271","8/27/2025 1:26:28 PM"
"03_Homeworks\HW3\code\hw3\starter_code\part2\data\croppedyale\yaleB05\yaleB05_P00A-015E+20.pgm","32271","8/27/2025 1:26:28 PM"
"03_Homeworks\HW3\code\hw3\starter_code\part2\data\croppedyale\yaleB05\yaleB05_P00A-020E+10.pgm","32271","8/27/2025 1:26:28 PM"
"03_Homeworks\HW3\code\hw3\starter_code\part2\data\croppedyale\yaleB05\yaleB05_P00A-020E-10.pgm","32271","8/27/2025 1:26:28 PM"
"03_Homeworks\HW3\code\hw3\starter_code\part2\data\croppedyale\yaleB05\yaleB05_P00A-020E-40.pgm","32271","8/27/2025 1:26:28 PM"
"03_Homeworks\HW3\code\hw3\starter_code\part2\data\croppedyale\yaleB05\yaleB05_P00A-025E+00.pgm","32271","8/27/2025 1:26:28 PM"
"03_Homeworks\HW3\code\hw3\starter_code\part2\data\croppedyale\yaleB05\yaleB05_P00A-035E+15.pgm","32271","8/27/2025 1:26:28 PM"
"03_Homeworks\HW3\code\hw3\starter_code\part2\data\croppedyale\yaleB05\yaleB05_P00A-035E+40.pgm","32271","8/27/2025 1:26:28 PM"
"03_Homeworks\HW3\code\hw3\starter_code\part2\data\croppedyale\yaleB05\yaleB05_P00A-035E+65.pgm","32271","8/27/2025 1:26:28 PM"
"03_Homeworks\HW3\code\hw3\starter_code\part2\data\croppedyale\yaleB05\yaleB05_P00A-035E-20.pgm","32271","8/27/2025 1:26:28 PM"
"03_Homeworks\HW3\code\hw3\starter_code\part2\data\croppedyale\yaleB05\yaleB05_P00A-050E+00.pgm","32271","8/27/2025 1:26:28 PM"
"03_Homeworks\HW3\code\hw3\starter_code\part2\data\croppedyale\yaleB05\yaleB05_P00A-050E-40.pgm","32271","8/27/2025 1:26:28 PM"
"03_Homeworks\HW3\code\hw3\starter_code\part2\data\croppedyale\yaleB05\yaleB05_P00A-060E+20.pgm","32271","8/27/2025 1:26:28 PM"
"03_Homeworks\HW3\code\hw3\starter_code\part2\data\croppedyale\yaleB05\yaleB05_P00A-060E-20.pgm","32271","8/27/2025 1:26:28 PM"
"03_Homeworks\HW3\code\hw3\starter_code\part2\data\croppedyale\yaleB05\yaleB05_P00A-070E+00.pgm","32271","8/27/2025 1:26:28 PM"
"03_Homeworks\HW3\code\hw3\starter_code\part2\data\croppedyale\yaleB05\yaleB05_P00A-070E+45.pgm","32271","8/27/2025 1:26:28 PM"
"03_Homeworks\HW3\code\hw3\starter_code\part2\data\croppedyale\yaleB05\yaleB05_P00A-070E-35.pgm","32271","8/27/2025 1:26:28 PM"
"03_Homeworks\HW3\code\hw3\starter_code\part2\data\croppedyale\yaleB05\yaleB05_P00A-085E+20.pgm","32271","8/27/2025 1:26:28 PM"
"03_Homeworks\HW3\code\hw3\starter_code\part2\data\croppedyale\yaleB05\yaleB05_P00A-085E-20.pgm","32271","8/27/2025 1:26:28 PM"
"03_Homeworks\HW3\code\hw3\starter_code\part2\data\croppedyale\yaleB05\yaleB05_P00A-095E+00.pgm","32271","8/27/2025 1:26:28 PM"
"03_Homeworks\HW3\code\hw3\starter_code\part2\data\croppedyale\yaleB05\yaleB05_P00A-110E+15.pgm","32271","8/27/2025 1:26:28 PM"
"03_Homeworks\HW3\code\hw3\starter_code\part2\data\croppedyale\yaleB05\yaleB05_P00A-110E+40.pgm","32271","8/27/2025 1:26:28 PM"
"03_Homeworks\HW3\code\hw3\starter_code\part2\data\croppedyale\yaleB05\yaleB05_P00A-110E+65.pgm","32271","8/27/2025 1:26:28 PM"
"03_Homeworks\HW3\code\hw3\starter_code\part2\data\croppedyale\yaleB05\yaleB05_P00A-110E-20.pgm","32271","8/27/2025 1:26:28 PM"
"03_Homeworks\HW3\code\hw3\starter_code\part2\data\croppedyale\yaleB05\yaleB05_P00A-120E+00.pgm","32271","8/27/2025 1:26:28 PM"
"03_Homeworks\HW3\code\hw3\starter_code\part2\data\croppedyale\yaleB05\yaleB05_P00A-130E+20.pgm","32271","8/27/2025 1:26:28 PM"
"03_Homeworks\HW3\code\hw3\starter_code\part2\data\croppedyale\yaleB07\yaleB07_P00.info","574","8/27/2025 1:26:28 PM"
"03_Homeworks\HW3\code\hw3\starter_code\part2\data\croppedyale\yaleB07\yaleB07_P00_Ambient.pgm","32271","8/27/2025 1:26:30 PM"
"03_Homeworks\HW3\code\hw3\starter_code\part2\data\croppedyale\yaleB07\yaleB07_P00A+000E+00.pgm","32271","8/27/2025 1:26:28 PM"
"03_Homeworks\HW3\code\hw3\starter_code\part2\data\croppedyale\yaleB07\yaleB07_P00A+000E+20.pgm","32271","8/27/2025 1:26:28 PM"
"03_Homeworks\HW3\code\hw3\starter_code\part2\data\croppedyale\yaleB07\yaleB07_P00A+000E+45.pgm","32271","8/27/2025 1:26:28 PM"
"03_Homeworks\HW3\code\hw3\starter_code\part2\data\croppedyale\yaleB07\yaleB07_P00A+000E+90.pgm","32271","8/27/2025 1:26:28 PM"
"03_Homeworks\HW3\code\hw3\starter_code\part2\data\croppedyale\yaleB07\yaleB07_P00A+000E-20.pgm","32271","8/27/2025 1:26:28 PM"
"03_Homeworks\HW3\code\hw3\starter_code\part2\data\croppedyale\yaleB07\yaleB07_P00A+000E-35.pgm","32271","8/27/2025 1:26:28 PM"
"03_Homeworks\HW3\code\hw3\starter_code\part2\data\croppedyale\yaleB07\yaleB07_P00A+005E+10.pgm","32271","8/27/2025 1:26:28 PM"
"03_Homeworks\HW3\code\hw3\starter_code\part2\data\croppedyale\yaleB07\yaleB07_P00A+005E-10.pgm","32271","8/27/2025 1:26:28 PM"
"03_Homeworks\HW3\code\hw3\starter_code\part2\data\croppedyale\yaleB07\yaleB07_P00A+010E+00.pgm","32271","8/27/2025 1:26:28 PM"
"03_Homeworks\HW3\code\hw3\starter_code\part2\data\croppedyale\yaleB07\yaleB07_P00A+010E-20.pgm","32271","8/27/2025 1:26:28 PM"
"03_Homeworks\HW3\code\hw3\starter_code\part2\data\croppedyale\yaleB07\yaleB07_P00A+015E+20.pgm","32271","8/27/2025 1:26:28 PM"
"03_Homeworks\HW3\code\hw3\starter_code\part2\data\croppedyale\yaleB07\yaleB07_P00A+020E+10.pgm","32271","8/27/2025 1:26:28 PM"
"03_Homeworks\HW3\code\hw3\starter_code\part2\data\croppedyale\yaleB07\yaleB07_P00A+020E-10.pgm","32271","8/27/2025 1:26:28 PM"
"03_Homeworks\HW3\code\hw3\starter_code\part2\data\croppedyale\yaleB07\yaleB07_P00A+020E-40.pgm","32271","8/27/2025 1:26:28 PM"
"03_Homeworks\HW3\code\hw3\starter_code\part2\data\croppedyale\yaleB07\yaleB07_P00A+025E+00.pgm","32271","8/27/2025 1:26:30 PM"
"03_Homeworks\HW3\code\hw3\starter_code\part2\data\croppedyale\yaleB07\yaleB07_P00A+035E+15.pgm","32271","8/27/2025 1:26:28 PM"
"03_Homeworks\HW3\code\hw3\starter_code\part2\data\croppedyale\yaleB07\yaleB07_P00A+035E+40.pgm","32271","8/27/2025 1:26:28 PM"
"03_Homeworks\HW3\code\hw3\starter_code\part2\data\croppedyale\yaleB07\yaleB07_P00A+035E+65.pgm","32271","8/27/2025 1:26:28 PM"
"03_Homeworks\HW3\code\hw3\starter_code\part2\data\croppedyale\yaleB07\yaleB07_P00A+035E-20.pgm","32271","8/27/2025 1:26:28 PM"
"03_Homeworks\HW3\code\hw3\starter_code\part2\data\croppedyale\yaleB07\yaleB07_P00A+050E+00.pgm","32271","8/27/2025 1:26:30 PM"
"03_Homeworks\HW3\code\hw3\starter_code\part2\data\croppedyale\yaleB07\yaleB07_P00A+050E-40.pgm","32271","8/27/2025 1:26:28 PM"
"03_Homeworks\HW3\code\hw3\starter_code\part2\data\croppedyale\yaleB07\yaleB07_P00A+060E+20.pgm","32271","8/27/2025 1:26:30 PM"
"03_Homeworks\HW3\code\hw3\starter_code\part2\data\croppedyale\yaleB07\yaleB07_P00A+060E-20.pgm","32271","8/27/2025 1:26:30 PM"
"03_Homeworks\HW3\code\hw3\starter_code\part2\data\croppedyale\yaleB07\yaleB07_P00A+070E+00.pgm","32271","8/27/2025 1:26:30 PM"
"03_Homeworks\HW3\code\hw3\starter_code\part2\data\croppedyale\yaleB07\yaleB07_P00A+070E+45.pgm","32271","8/27/2025 1:26:30 PM"
"03_Homeworks\HW3\code\hw3\starter_code\part2\data\croppedyale\yaleB07\yaleB07_P00A+070E-35.pgm","32271","8/27/2025 1:26:30 PM"
"03_Homeworks\HW3\code\hw3\starter_code\part2\data\croppedyale\yaleB07\yaleB07_P00A+085E+20.pgm","32271","8/27/2025 1:26:30 PM"
"03_Homeworks\HW3\code\hw3\starter_code\part2\data\croppedyale\yaleB07\yaleB07_P00A+085E-20.pgm","32271","8/27/2025 1:26:30 PM"
"03_Homeworks\HW3\code\hw3\starter_code\part2\data\croppedyale\yaleB07\yaleB07_P00A+095E+00.pgm","32271","8/27/2025 1:26:30 PM"
"03_Homeworks\HW3\code\hw3\starter_code\part2\data\croppedyale\yaleB07\yaleB07_P00A+110E+15.pgm","32271","8/27/2025 1:26:30 PM"
"03_Homeworks\HW3\code\hw3\starter_code\part2\data\croppedyale\yaleB07\yaleB07_P00A+110E+40.pgm","32271","8/27/2025 1:26:30 PM"
"03_Homeworks\HW3\code\hw3\starter_code\part2\data\croppedyale\yaleB07\yaleB07_P00A+110E+65.pgm","32271","8/27/2025 1:26:30 PM"
"03_Homeworks\HW3\code\hw3\starter_code\part2\data\croppedyale\yaleB07\yaleB07_P00A+110E-20.pgm","32271","8/27/2025 1:26:30 PM"
"03_Homeworks\HW3\code\hw3\starter_code\part2\data\croppedyale\yaleB07\yaleB07_P00A+120E+00.pgm","32271","8/27/2025 1:26:30 PM"
"03_Homeworks\HW3\code\hw3\starter_code\part2\data\croppedyale\yaleB07\yaleB07_P00A+130E+20.pgm","32271","8/27/2025 1:26:30 PM"
"03_Homeworks\HW3\code\hw3\starter_code\part2\data\croppedyale\yaleB07\yaleB07_P00A-005E+10.pgm","32271","8/27/2025 1:26:30 PM"
"03_Homeworks\HW3\code\hw3\starter_code\part2\data\croppedyale\yaleB07\yaleB07_P00A-005E-10.pgm","32271","8/27/2025 1:26:30 PM"
"03_Homeworks\HW3\code\hw3\starter_code\part2\data\croppedyale\yaleB07\yaleB07_P00A-010E+00.pgm","32271","8/27/2025 1:26:30 PM"
"03_Homeworks\HW3\code\hw3\starter_code\part2\data\croppedyale\yaleB07\yaleB07_P00A-010E-20.pgm","32271","8/27/2025 1:26:30 PM"
"03_Homeworks\HW3\code\hw3\starter_code\part2\data\croppedyale\yaleB07\yaleB07_P00A-015E+20.pgm","32271","8/27/2025 1:26:30 PM"
"03_Homeworks\HW3\code\hw3\starter_code\part2\data\croppedyale\yaleB07\yaleB07_P00A-020E+10.pgm","32271","8/27/2025 1:26:30 PM"
"03_Homeworks\HW3\code\hw3\starter_code\part2\data\croppedyale\yaleB07\yaleB07_P00A-020E-10.pgm","32271","8/27/2025 1:26:30 PM"
"03_Homeworks\HW3\code\hw3\starter_code\part2\data\croppedyale\yaleB07\yaleB07_P00A-020E-40.pgm","32271","8/27/2025 1:26:30 PM"
"03_Homeworks\HW3\code\hw3\starter_code\part2\data\croppedyale\yaleB07\yaleB07_P00A-025E+00.pgm","32271","8/27/2025 1:26:30 PM"
"03_Homeworks\HW3\code\hw3\starter_code\part2\data\croppedyale\yaleB07\yaleB07_P00A-035E+15.pgm","32271","8/27/2025 1:26:30 PM"
"03_Homeworks\HW3\code\hw3\starter_code\part2\data\croppedyale\yaleB07\yaleB07_P00A-035E+40.pgm","32271","8/27/2025 1:26:30 PM"
"03_Homeworks\HW3\code\hw3\starter_code\part2\data\croppedyale\yaleB07\yaleB07_P00A-035E+65.pgm","32271","8/27/2025 1:26:30 PM"
"03_Homeworks\HW3\code\hw3\starter_code\part2\data\croppedyale\yaleB07\yaleB07_P00A-035E-20.pgm","32271","8/27/2025 1:26:30 PM"
"03_Homeworks\HW3\code\hw3\starter_code\part2\data\croppedyale\yaleB07\yaleB07_P00A-050E+00.pgm","32271","8/27/2025 1:26:30 PM"
"03_Homeworks\HW3\code\hw3\starter_code\part2\data\croppedyale\yaleB07\yaleB07_P00A-050E-40.pgm","32271","8/27/2025 1:26:30 PM"
"03_Homeworks\HW3\code\hw3\starter_code\part2\data\croppedyale\yaleB07\yaleB07_P00A-060E+20.pgm","32271","8/27/2025 1:26:30 PM"
"03_Homeworks\HW3\code\hw3\starter_code\part2\data\croppedyale\yaleB07\yaleB07_P00A-060E-20.pgm","32271","8/27/2025 1:26:30 PM"
"03_Homeworks\HW3\code\hw3\starter_code\part2\data\croppedyale\yaleB07\yaleB07_P00A-070E+00.pgm","32271","8/27/2025 1:26:30 PM"
"03_Homeworks\HW3\code\hw3\starter_code\part2\data\croppedyale\yaleB07\yaleB07_P00A-070E+45.pgm","32271","8/27/2025 1:26:30 PM"
"03_Homeworks\HW3\code\hw3\starter_code\part2\data\croppedyale\yaleB07\yaleB07_P00A-070E-35.pgm","32271","8/27/2025 1:26:30 PM"
"03_Homeworks\HW3\code\hw3\starter_code\part2\data\croppedyale\yaleB07\yaleB07_P00A-085E+20.pgm","32271","8/27/2025 1:26:30 PM"
"03_Homeworks\HW3\code\hw3\starter_code\part2\data\croppedyale\yaleB07\yaleB07_P00A-085E-20.pgm","32271","8/27/2025 1:26:30 PM"
"03_Homeworks\HW3\code\hw3\starter_code\part2\data\croppedyale\yaleB07\yaleB07_P00A-095E+00.pgm","32271","8/27/2025 1:26:30 PM"
"03_Homeworks\HW3\code\hw3\starter_code\part2\data\croppedyale\yaleB07\yaleB07_P00A-110E+15.pgm","32271","8/27/2025 1:26:30 PM"
"03_Homeworks\HW3\code\hw3\starter_code\part2\data\croppedyale\yaleB07\yaleB07_P00A-110E+40.pgm","32271","8/27/2025 1:26:30 PM"
"03_Homeworks\HW3\code\hw3\starter_code\part2\data\croppedyale\yaleB07\yaleB07_P00A-110E+65.pgm","32271","8/27/2025 1:26:30 PM"
"03_Homeworks\HW3\code\hw3\starter_code\part2\data\croppedyale\yaleB07\yaleB07_P00A-110E-20.pgm","32271","8/27/2025 1:26:30 PM"
"03_Homeworks\HW3\code\hw3\starter_code\part2\data\croppedyale\yaleB07\yaleB07_P00A-120E+00.pgm","32271","8/27/2025 1:26:30 PM"
"03_Homeworks\HW3\code\hw3\starter_code\part2\data\croppedyale\yaleB07\yaleB07_P00A-130E+20.pgm","32271","8/27/2025 1:26:30 PM"
"03_Homeworks\HW3\code\hw3\starter_code\part2\helpers.py","4317","10/24/2025 4:50:00 PM"
"03_Homeworks\HW3\code\hw3\starter_code\part2\main.py","804","10/24/2025 4:50:00 PM"
"03_Homeworks\HW3\code\hw3\starter_code\part2\shape_from_shading.py","2743","10/24/2025 4:50:00 PM"
"03_Homeworks\HW4\code\hw4\hw4.pdf","170848","4/10/2026 3:46:20 PM"
"03_Homeworks\HW4\code\hw4\part1\camera.py","7189","4/11/2026 11:45:34 PM"
"03_Homeworks\HW4\code\hw4\part1\data\lab_3d.txt","460","4/11/2026 11:44:50 PM"
"03_Homeworks\HW4\code\hw4\part1\data\lab_matches.txt","2000","4/11/2026 11:44:50 PM"
"03_Homeworks\HW4\code\hw4\part1\data\lab1.jpg","93853","4/11/2026 11:44:50 PM"
"03_Homeworks\HW4\code\hw4\part1\data\lab2.jpg","107642","4/11/2026 11:44:50 PM"
"03_Homeworks\HW4\code\hw4\part1\data\library_matches.txt","20085","4/11/2026 11:44:50 PM"
"03_Homeworks\HW4\code\hw4\part1\data\library1.jpg","94978","4/11/2026 11:44:50 PM"
"03_Homeworks\HW4\code\hw4\part1\data\library1_camera.txt","195","4/11/2026 11:44:50 PM"
"03_Homeworks\HW4\code\hw4\part1\data\library2.jpg","94135","4/11/2026 11:44:50 PM"
"03_Homeworks\HW4\code\hw4\part1\data\library2_camera.txt","195","4/11/2026 11:44:50 PM"
"03_Homeworks\HW4\code\hw4\part1\main.py","3635","4/11/2026 11:46:26 PM"
"03_Homeworks\HW4\code\hw4\part1\utils\__init__.py","0","4/11/2026 11:46:26 PM"
"03_Homeworks\HW4\code\hw4\part1\utils\figure_helper.py","2094","4/11/2026 11:46:26 PM"
"03_Homeworks\HW4\code\hw4\part1\utils\io_helper.py","564","4/11/2026 11:46:26 PM"
"03_Homeworks\HW4\code\hw4\part1\utils\math_helper.py","1599","4/11/2026 11:46:26 PM"
"03_Homeworks\HW4\code\hw4\part2\affine.py","6398","4/11/2026 11:46:20 PM"
"03_Homeworks\HW4\code\hw4\part2\data\frame00000001.jpg","18356","4/11/2026 11:44:50 PM"
"03_Homeworks\HW4\code\hw4\part2\data\frame00000002.jpg","18331","4/11/2026 11:44:50 PM"
"03_Homeworks\HW4\code\hw4\part2\data\frame00000003.jpg","18277","4/11/2026 11:44:50 PM"
"03_Homeworks\HW4\code\hw4\part2\data\frame00000004.jpg","18468","4/11/2026 11:44:50 PM"
"03_Homeworks\HW4\code\hw4\part2\data\frame00000005.jpg","18274","4/11/2026 11:44:50 PM"
"03_Homeworks\HW4\code\hw4\part2\data\frame00000006.jpg","18240","4/11/2026 11:44:50 PM"
"03_Homeworks\HW4\code\hw4\part2\data\frame00000007.jpg","18287","4/11/2026 11:44:50 PM"
"03_Homeworks\HW4\code\hw4\part2\data\frame00000008.jpg","18230","4/11/2026 11:44:50 PM"
"03_Homeworks\HW4\code\hw4\part2\data\frame00000009.jpg","18385","4/11/2026 11:44:50 PM"
"03_Homeworks\HW4\code\hw4\part2\data\frame00000010.jpg","18263","4/11/2026 11:44:50 PM"
"03_Homeworks\HW4\code\hw4\part2\data\frame00000011.jpg","18188","4/11/2026 11:44:50 PM"
"03_Homeworks\HW4\code\hw4\part2\data\frame00000012.jpg","18216","4/11/2026 11:44:50 PM"
"03_Homeworks\HW4\code\hw4\part2\data\frame00000013.jpg","18158","4/11/2026 11:44:50 PM"
"03_Homeworks\HW4\code\hw4\part2\data\frame00000014.jpg","18265","4/11/2026 11:44:50 PM"
"03_Homeworks\HW4\code\hw4\part2\data\frame00000015.jpg","18171","4/11/2026 11:44:50 PM"
"03_Homeworks\HW4\code\hw4\part2\data\frame00000016.jpg","18022","4/11/2026 11:44:50 PM"
"03_Homeworks\HW4\code\hw4\part2\data\frame00000017.jpg","18167","4/11/2026 11:44:50 PM"
"03_Homeworks\HW4\code\hw4\part2\data\frame00000018.jpg","18012","4/11/2026 11:44:50 PM"
"03_Homeworks\HW4\code\hw4\part2\data\frame00000019.jpg","18089","4/11/2026 11:44:50 PM"
"03_Homeworks\HW4\code\hw4\part2\data\frame00000020.jpg","17902","4/11/2026 11:44:50 PM"
"03_Homeworks\HW4\code\hw4\part2\data\frame00000021.jpg","18047","4/11/2026 11:44:50 PM"
"03_Homeworks\HW4\code\hw4\part2\data\frame00000022.jpg","17765","4/11/2026 11:44:50 PM"
"03_Homeworks\HW4\code\hw4\part2\data\frame00000023.jpg","17922","4/11/2026 11:44:50 PM"
"03_Homeworks\HW4\code\hw4\part2\data\frame00000024.jpg","17841","4/11/2026 11:44:50 PM"
"03_Homeworks\HW4\code\hw4\part2\data\frame00000025.jpg","17751","4/11/2026 11:44:50 PM"
"03_Homeworks\HW4\code\hw4\part2\data\frame00000026.jpg","17638","4/11/2026 11:44:50 PM"
"03_Homeworks\HW4\code\hw4\part2\data\frame00000027.jpg","17731","4/11/2026 11:44:50 PM"
"03_Homeworks\HW4\code\hw4\part2\data\frame00000028.jpg","17655","4/11/2026 11:44:50 PM"
"03_Homeworks\HW4\code\hw4\part2\data\frame00000029.jpg","17895","4/11/2026 11:44:50 PM"
"03_Homeworks\HW4\code\hw4\part2\data\frame00000030.jpg","17644","4/11/2026 11:44:50 PM"
"03_Homeworks\HW4\code\hw4\part2\data\frame00000031.jpg","17577","4/11/2026 11:44:50 PM"
"03_Homeworks\HW4\code\hw4\part2\data\frame00000032.jpg","17578","4/11/2026 11:44:50 PM"
"03_Homeworks\HW4\code\hw4\part2\data\frame00000033.jpg","17695","4/11/2026 11:44:50 PM"
"03_Homeworks\HW4\code\hw4\part2\data\frame00000034.jpg","17681","4/11/2026 11:44:50 PM"
"03_Homeworks\HW4\code\hw4\part2\data\frame00000035.jpg","17328","4/11/2026 11:44:50 PM"
"03_Homeworks\HW4\code\hw4\part2\data\frame00000036.jpg","17269","4/11/2026 11:44:50 PM"
"03_Homeworks\HW4\code\hw4\part2\data\frame00000037.jpg","17438","4/11/2026 11:44:50 PM"
"03_Homeworks\HW4\code\hw4\part2\data\frame00000038.jpg","17222","4/11/2026 11:44:50 PM"
"03_Homeworks\HW4\code\hw4\part2\data\frame00000039.jpg","17352","4/11/2026 11:44:50 PM"
"03_Homeworks\HW4\code\hw4\part2\data\frame00000040.jpg","17257","4/11/2026 11:44:50 PM"
"03_Homeworks\HW4\code\hw4\part2\data\frame00000041.jpg","17091","4/11/2026 11:44:50 PM"
"03_Homeworks\HW4\code\hw4\part2\data\frame00000042.jpg","16919","4/11/2026 11:44:50 PM"
"03_Homeworks\HW4\code\hw4\part2\data\frame00000043.jpg","16913","4/11/2026 11:44:50 PM"
"03_Homeworks\HW4\code\hw4\part2\data\frame00000044.jpg","16935","4/11/2026 11:44:50 PM"
"03_Homeworks\HW4\code\hw4\part2\data\frame00000045.jpg","17058","4/11/2026 11:44:50 PM"
"03_Homeworks\HW4\code\hw4\part2\data\frame00000046.jpg","17058","4/11/2026 11:44:50 PM"
"03_Homeworks\HW4\code\hw4\part2\data\frame00000047.jpg","16888","4/11/2026 11:44:50 PM"
"03_Homeworks\HW4\code\hw4\part2\data\frame00000048.jpg","16780","4/11/2026 11:44:50 PM"
"03_Homeworks\HW4\code\hw4\part2\data\frame00000049.jpg","16815","4/11/2026 11:44:50 PM"
"03_Homeworks\HW4\code\hw4\part2\data\frame00000050.jpg","16707","4/11/2026 11:44:50 PM"
"03_Homeworks\HW4\code\hw4\part2\data\frame00000051.jpg","16856","4/11/2026 11:44:50 PM"
"03_Homeworks\HW4\code\hw4\part2\data\frame00000052.jpg","16689","4/11/2026 11:44:50 PM"
"03_Homeworks\HW4\code\hw4\part2\data\frame00000053.jpg","16836","4/11/2026 11:44:50 PM"
"03_Homeworks\HW4\code\hw4\part2\data\frame00000054.jpg","16746","4/11/2026 11:44:50 PM"
"03_Homeworks\HW4\code\hw4\part2\data\frame00000055.jpg","16769","4/11/2026 11:44:50 PM"
"03_Homeworks\HW4\code\hw4\part2\data\frame00000056.jpg","16472","4/11/2026 11:44:50 PM"
"03_Homeworks\HW4\code\hw4\part2\data\frame00000057.jpg","16486","4/11/2026 11:44:50 PM"
"03_Homeworks\HW4\code\hw4\part2\data\frame00000058.jpg","16600","4/11/2026 11:44:50 PM"
"03_Homeworks\HW4\code\hw4\part2\data\frame00000059.jpg","16466","4/11/2026 11:44:50 PM"
"03_Homeworks\HW4\code\hw4\part2\data\frame00000060.jpg","16426","4/11/2026 11:44:50 PM"
"03_Homeworks\HW4\code\hw4\part2\data\frame00000061.jpg","16388","4/11/2026 11:44:50 PM"
"03_Homeworks\HW4\code\hw4\part2\data\frame00000062.jpg","16438","4/11/2026 11:44:50 PM"
"03_Homeworks\HW4\code\hw4\part2\data\frame00000063.jpg","16491","4/11/2026 11:44:50 PM"
"03_Homeworks\HW4\code\hw4\part2\data\frame00000064.jpg","16477","4/11/2026 11:44:50 PM"
"03_Homeworks\HW4\code\hw4\part2\data\frame00000065.jpg","16503","4/11/2026 11:44:50 PM"
"03_Homeworks\HW4\code\hw4\part2\data\frame00000066.jpg","16426","4/11/2026 11:44:50 PM"
"03_Homeworks\HW4\code\hw4\part2\data\frame00000067.jpg","16521","4/11/2026 11:44:50 PM"
"03_Homeworks\HW4\code\hw4\part2\data\frame00000068.jpg","16715","4/11/2026 11:44:50 PM"
"03_Homeworks\HW4\code\hw4\part2\data\frame00000069.jpg","16773","4/11/2026 11:44:50 PM"
"03_Homeworks\HW4\code\hw4\part2\data\frame00000070.jpg","16773","4/11/2026 11:44:50 PM"
"03_Homeworks\HW4\code\hw4\part2\data\frame00000071.jpg","16635","4/11/2026 11:44:50 PM"
"03_Homeworks\HW4\code\hw4\part2\data\frame00000072.jpg","16605","4/11/2026 11:44:50 PM"
"03_Homeworks\HW4\code\hw4\part2\data\frame00000073.jpg","16759","4/11/2026 11:44:50 PM"
"03_Homeworks\HW4\code\hw4\part2\data\frame00000074.jpg","16522","4/11/2026 11:44:50 PM"
"03_Homeworks\HW4\code\hw4\part2\data\frame00000075.jpg","16636","4/11/2026 11:44:50 PM"
"03_Homeworks\HW4\code\hw4\part2\data\frame00000076.jpg","16612","4/11/2026 11:44:50 PM"
"03_Homeworks\HW4\code\hw4\part2\data\frame00000077.jpg","16643","4/11/2026 11:44:50 PM"
"03_Homeworks\HW4\code\hw4\part2\data\frame00000078.jpg","16582","4/11/2026 11:44:50 PM"
"03_Homeworks\HW4\code\hw4\part2\data\frame00000079.jpg","16462","4/11/2026 11:44:50 PM"
"03_Homeworks\HW4\code\hw4\part2\data\frame00000080.jpg","16511","4/11/2026 11:44:50 PM"
"03_Homeworks\HW4\code\hw4\part2\data\frame00000081.jpg","16449","4/11/2026 11:44:50 PM"
"03_Homeworks\HW4\code\hw4\part2\data\frame00000082.jpg","16466","4/11/2026 11:44:50 PM"
"03_Homeworks\HW4\code\hw4\part2\data\frame00000083.jpg","16644","4/11/2026 11:44:50 PM"
"03_Homeworks\HW4\code\hw4\part2\data\frame00000084.jpg","16698","4/11/2026 11:44:50 PM"
"03_Homeworks\HW4\code\hw4\part2\data\frame00000085.jpg","16669","4/11/2026 11:44:50 PM"
"03_Homeworks\HW4\code\hw4\part2\data\frame00000086.jpg","16625","4/11/2026 11:44:50 PM"
"03_Homeworks\HW4\code\hw4\part2\data\frame00000087.jpg","16599","4/11/2026 11:44:50 PM"
"03_Homeworks\HW4\code\hw4\part2\data\frame00000088.jpg","16684","4/11/2026 11:44:50 PM"
"03_Homeworks\HW4\code\hw4\part2\data\frame00000089.jpg","16584","4/11/2026 11:44:50 PM"
"03_Homeworks\HW4\code\hw4\part2\data\frame00000090.jpg","16631","4/11/2026 11:44:50 PM"
"03_Homeworks\HW4\code\hw4\part2\data\frame00000091.jpg","16582","4/11/2026 11:44:50 PM"
"03_Homeworks\HW4\code\hw4\part2\data\frame00000092.jpg","16780","4/11/2026 11:44:50 PM"
"03_Homeworks\HW4\code\hw4\part2\data\frame00000093.jpg","16624","4/11/2026 11:44:50 PM"
"03_Homeworks\HW4\code\hw4\part2\data\frame00000094.jpg","16793","4/11/2026 11:44:50 PM"
"03_Homeworks\HW4\code\hw4\part2\data\frame00000095.jpg","16593","4/11/2026 11:44:50 PM"
"03_Homeworks\HW4\code\hw4\part2\data\frame00000096.jpg","16658","4/11/2026 11:44:50 PM"
"03_Homeworks\HW4\code\hw4\part2\data\frame00000097.jpg","16627","4/11/2026 11:44:50 PM"
"03_Homeworks\HW4\code\hw4\part2\data\frame00000098.jpg","16766","4/11/2026 11:44:50 PM"
"03_Homeworks\HW4\code\hw4\part2\data\frame00000099.jpg","16653","4/11/2026 11:44:50 PM"
"03_Homeworks\HW4\code\hw4\part2\data\frame00000100.jpg","16811","4/11/2026 11:44:50 PM"
"03_Homeworks\HW4\code\hw4\part2\data\frame00000101.jpg","16691","4/11/2026 11:44:50 PM"
"03_Homeworks\HW4\code\hw4\part2\data\measurement_matrix.txt","297758","4/11/2026 11:44:50 PM"
"03_Homeworks\HW4\code\hw4\part2\data\readme.txt","697","4/11/2026 11:44:50 PM"
"03_Homeworks\HW4\code\hw4\part2\main.py","1640","4/11/2026 11:46:26 PM"
"03_Homeworks\HW4\code\hw4\part2\utils\__init__.py","0","4/11/2026 11:46:26 PM"
"03_Homeworks\HW4\code\hw4\part2\utils\figure_helper.py","1863","4/11/2026 11:46:26 PM"
"03_Homeworks\HW4\code\hw4\part2\utils\io_helper.py","542","4/11/2026 11:46:26 PM"
"03_Homeworks\HW4\code\hw4\README.md","5352","4/12/2026 2:05:18 AM"
"03_Homeworks\HW4\code\hw4\report_template\main.tex","995","11/10/2025 6:15:08 AM"
"03_Homeworks\HW4\code\hw4\report_template\math_commands.tex","12276","11/10/2025 6:15:08 AM"
"03_Homeworks\HW4\code\hw4\report_template\student_response\report.tex","748","11/10/2025 6:15:08 AM"
"03_Homeworks\HW4\code\hw4\report_template\style_include.tex","5075","11/10/2025 6:15:08 AM"
"03_Homeworks\HW4\code\hw4\report_template\symbols.sty","2329","11/10/2025 6:15:08 AM"
"03_Homeworks\HW4\code\hw4\starter_code\part1\camera.py","1473","11/10/2025 6:15:42 AM"
"03_Homeworks\HW4\code\hw4\starter_code\part1\data\lab_3d.txt","460","11/10/2025 6:15:08 AM"
"03_Homeworks\HW4\code\hw4\starter_code\part1\data\lab_matches.txt","2000","11/10/2025 6:15:08 AM"
"03_Homeworks\HW4\code\hw4\starter_code\part1\data\lab1.jpg","93853","11/10/2025 6:15:42 AM"
"03_Homeworks\HW4\code\hw4\starter_code\part1\data\lab2.jpg","107642","11/10/2025 6:15:42 AM"
"03_Homeworks\HW4\code\hw4\starter_code\part1\data\library_matches.txt","20085","11/10/2025 6:15:08 AM"
"03_Homeworks\HW4\code\hw4\starter_code\part1\data\library1.jpg","94978","11/10/2025 6:15:42 AM"
"03_Homeworks\HW4\code\hw4\starter_code\part1\data\library1_camera.txt","195","11/10/2025 6:15:08 AM"
"03_Homeworks\HW4\code\hw4\starter_code\part1\data\library2.jpg","94135","11/10/2025 6:15:42 AM"
"03_Homeworks\HW4\code\hw4\starter_code\part1\data\library2_camera.txt","195","11/10/2025 6:15:08 AM"
"03_Homeworks\HW4\code\hw4\starter_code\part1\main.py","3635","11/10/2025 6:15:42 AM"
"03_Homeworks\HW4\code\hw4\starter_code\part1\utils\figure_helper.py","2094","11/10/2025 6:15:42 AM"
"03_Homeworks\HW4\code\hw4\starter_code\part1\utils\io_helper.py","564","11/10/2025 6:15:42 AM"
"03_Homeworks\HW4\code\hw4\starter_code\part1\utils\math_helper.py","1599","11/10/2025 6:15:42 AM"
"03_Homeworks\HW4\code\hw4\starter_code\part2\affine.py","454","11/3/2024 2:47:38 PM"
"03_Homeworks\HW4\code\hw4\starter_code\part2\data\frame00000001.jpg","18356","11/3/2024 2:47:38 PM"
"03_Homeworks\HW4\code\hw4\starter_code\part2\data\frame00000002.jpg","18331","11/3/2024 2:47:38 PM"
"03_Homeworks\HW4\code\hw4\starter_code\part2\data\frame00000003.jpg","18277","11/3/2024 2:47:38 PM"
"03_Homeworks\HW4\code\hw4\starter_code\part2\data\frame00000004.jpg","18468","11/3/2024 2:47:38 PM"
"03_Homeworks\HW4\code\hw4\starter_code\part2\data\frame00000005.jpg","18274","11/3/2024 2:47:38 PM"
"03_Homeworks\HW4\code\hw4\starter_code\part2\data\frame00000006.jpg","18240","11/3/2024 2:47:38 PM"
"03_Homeworks\HW4\code\hw4\starter_code\part2\data\frame00000007.jpg","18287","11/3/2024 2:47:38 PM"
"03_Homeworks\HW4\code\hw4\starter_code\part2\data\frame00000008.jpg","18230","11/3/2024 2:47:38 PM"
"03_Homeworks\HW4\code\hw4\starter_code\part2\data\frame00000009.jpg","18385","11/3/2024 2:47:38 PM"
"03_Homeworks\HW4\code\hw4\starter_code\part2\data\frame00000010.jpg","18263","11/3/2024 2:47:38 PM"
"03_Homeworks\HW4\code\hw4\starter_code\part2\data\frame00000011.jpg","18188","11/3/2024 2:47:38 PM"
"03_Homeworks\HW4\code\hw4\starter_code\part2\data\frame00000012.jpg","18216","11/3/2024 2:47:38 PM"
"03_Homeworks\HW4\code\hw4\starter_code\part2\data\frame00000013.jpg","18158","11/3/2024 2:47:38 PM"
"03_Homeworks\HW4\code\hw4\starter_code\part2\data\frame00000014.jpg","18265","11/3/2024 2:47:38 PM"
"03_Homeworks\HW4\code\hw4\starter_code\part2\data\frame00000015.jpg","18171","11/3/2024 2:47:38 PM"
"03_Homeworks\HW4\code\hw4\starter_code\part2\data\frame00000016.jpg","18022","11/3/2024 2:47:38 PM"
"03_Homeworks\HW4\code\hw4\starter_code\part2\data\frame00000017.jpg","18167","11/3/2024 2:47:38 PM"
"03_Homeworks\HW4\code\hw4\starter_code\part2\data\frame00000018.jpg","18012","11/3/2024 2:47:38 PM"
"03_Homeworks\HW4\code\hw4\starter_code\part2\data\frame00000019.jpg","18089","11/3/2024 2:47:38 PM"
"03_Homeworks\HW4\code\hw4\starter_code\part2\data\frame00000020.jpg","17902","11/3/2024 2:47:38 PM"
"03_Homeworks\HW4\code\hw4\starter_code\part2\data\frame00000021.jpg","18047","11/3/2024 2:47:38 PM"
"03_Homeworks\HW4\code\hw4\starter_code\part2\data\frame00000022.jpg","17765","11/3/2024 2:47:38 PM"
"03_Homeworks\HW4\code\hw4\starter_code\part2\data\frame00000023.jpg","17922","11/3/2024 2:47:38 PM"
"03_Homeworks\HW4\code\hw4\starter_code\part2\data\frame00000024.jpg","17841","11/3/2024 2:47:38 PM"
"03_Homeworks\HW4\code\hw4\starter_code\part2\data\frame00000025.jpg","17751","11/3/2024 2:47:38 PM"
"03_Homeworks\HW4\code\hw4\starter_code\part2\data\frame00000026.jpg","17638","11/3/2024 2:47:38 PM"
"03_Homeworks\HW4\code\hw4\starter_code\part2\data\frame00000027.jpg","17731","11/3/2024 2:47:38 PM"
"03_Homeworks\HW4\code\hw4\starter_code\part2\data\frame00000028.jpg","17655","11/3/2024 2:47:38 PM"
"03_Homeworks\HW4\code\hw4\starter_code\part2\data\frame00000029.jpg","17895","11/3/2024 2:47:38 PM"
"03_Homeworks\HW4\code\hw4\starter_code\part2\data\frame00000030.jpg","17644","11/3/2024 2:47:38 PM"
"03_Homeworks\HW4\code\hw4\starter_code\part2\data\frame00000031.jpg","17577","11/3/2024 2:47:38 PM"
"03_Homeworks\HW4\code\hw4\starter_code\part2\data\frame00000032.jpg","17578","11/3/2024 2:47:38 PM"
"03_Homeworks\HW4\code\hw4\starter_code\part2\data\frame00000033.jpg","17695","11/3/2024 2:47:38 PM"
"03_Homeworks\HW4\code\hw4\starter_code\part2\data\frame00000034.jpg","17681","11/3/2024 2:47:38 PM"
"03_Homeworks\HW4\code\hw4\starter_code\part2\data\frame00000035.jpg","17328","11/3/2024 2:47:38 PM"
"03_Homeworks\HW4\code\hw4\starter_code\part2\data\frame00000036.jpg","17269","11/3/2024 2:47:38 PM"
"03_Homeworks\HW4\code\hw4\starter_code\part2\data\frame00000037.jpg","17438","11/3/2024 2:47:38 PM"
"03_Homeworks\HW4\code\hw4\starter_code\part2\data\frame00000038.jpg","17222","11/3/2024 2:47:38 PM"
"03_Homeworks\HW4\code\hw4\starter_code\part2\data\frame00000039.jpg","17352","11/3/2024 2:47:38 PM"
"03_Homeworks\HW4\code\hw4\starter_code\part2\data\frame00000040.jpg","17257","11/3/2024 2:47:38 PM"
"03_Homeworks\HW4\code\hw4\starter_code\part2\data\frame00000041.jpg","17091","11/3/2024 2:47:38 PM"
"03_Homeworks\HW4\code\hw4\starter_code\part2\data\frame00000042.jpg","16919","11/3/2024 2:47:38 PM"
"03_Homeworks\HW4\code\hw4\starter_code\part2\data\frame00000043.jpg","16913","11/3/2024 2:47:38 PM"
"03_Homeworks\HW4\code\hw4\starter_code\part2\data\frame00000044.jpg","16935","11/3/2024 2:47:38 PM"
"03_Homeworks\HW4\code\hw4\starter_code\part2\data\frame00000045.jpg","17058","11/3/2024 2:47:38 PM"
"03_Homeworks\HW4\code\hw4\starter_code\part2\data\frame00000046.jpg","17058","11/3/2024 2:47:38 PM"
"03_Homeworks\HW4\code\hw4\starter_code\part2\data\frame00000047.jpg","16888","11/3/2024 2:47:38 PM"
"03_Homeworks\HW4\code\hw4\starter_code\part2\data\frame00000048.jpg","16780","11/3/2024 2:47:38 PM"
"03_Homeworks\HW4\code\hw4\starter_code\part2\data\frame00000049.jpg","16815","11/3/2024 2:47:38 PM"
"03_Homeworks\HW4\code\hw4\starter_code\part2\data\frame00000050.jpg","16707","11/3/2024 2:47:38 PM"
"03_Homeworks\HW4\code\hw4\starter_code\part2\data\frame00000051.jpg","16856","11/3/2024 2:47:38 PM"
"03_Homeworks\HW4\code\hw4\starter_code\part2\data\frame00000052.jpg","16689","11/3/2024 2:47:38 PM"
"03_Homeworks\HW4\code\hw4\starter_code\part2\data\frame00000053.jpg","16836","11/3/2024 2:47:38 PM"
"03_Homeworks\HW4\code\hw4\starter_code\part2\data\frame00000054.jpg","16746","11/3/2024 2:47:38 PM"
"03_Homeworks\HW4\code\hw4\starter_code\part2\data\frame00000055.jpg","16769","11/3/2024 2:47:38 PM"
"03_Homeworks\HW4\code\hw4\starter_code\part2\data\frame00000056.jpg","16472","11/3/2024 2:47:38 PM"
"03_Homeworks\HW4\code\hw4\starter_code\part2\data\frame00000057.jpg","16486","11/3/2024 2:47:38 PM"
"03_Homeworks\HW4\code\hw4\starter_code\part2\data\frame00000058.jpg","16600","11/3/2024 2:47:38 PM"
"03_Homeworks\HW4\code\hw4\starter_code\part2\data\frame00000059.jpg","16466","11/3/2024 2:47:38 PM"
"03_Homeworks\HW4\code\hw4\starter_code\part2\data\frame00000060.jpg","16426","11/3/2024 2:47:38 PM"
"03_Homeworks\HW4\code\hw4\starter_code\part2\data\frame00000061.jpg","16388","11/3/2024 2:47:38 PM"
"03_Homeworks\HW4\code\hw4\starter_code\part2\data\frame00000062.jpg","16438","11/3/2024 2:47:38 PM"
"03_Homeworks\HW4\code\hw4\starter_code\part2\data\frame00000063.jpg","16491","11/3/2024 2:47:38 PM"
"03_Homeworks\HW4\code\hw4\starter_code\part2\data\frame00000064.jpg","16477","11/3/2024 2:47:38 PM"
"03_Homeworks\HW4\code\hw4\starter_code\part2\data\frame00000065.jpg","16503","11/3/2024 2:47:38 PM"
"03_Homeworks\HW4\code\hw4\starter_code\part2\data\frame00000066.jpg","16426","11/3/2024 2:47:38 PM"
"03_Homeworks\HW4\code\hw4\starter_code\part2\data\frame00000067.jpg","16521","11/3/2024 2:47:38 PM"
"03_Homeworks\HW4\code\hw4\starter_code\part2\data\frame00000068.jpg","16715","11/3/2024 2:47:38 PM"
"03_Homeworks\HW4\code\hw4\starter_code\part2\data\frame00000069.jpg","16773","11/3/2024 2:47:38 PM"
"03_Homeworks\HW4\code\hw4\starter_code\part2\data\frame00000070.jpg","16773","11/3/2024 2:47:38 PM"
"03_Homeworks\HW4\code\hw4\starter_code\part2\data\frame00000071.jpg","16635","11/3/2024 2:47:38 PM"
"03_Homeworks\HW4\code\hw4\starter_code\part2\data\frame00000072.jpg","16605","11/3/2024 2:47:38 PM"
"03_Homeworks\HW4\code\hw4\starter_code\part2\data\frame00000073.jpg","16759","11/3/2024 2:47:38 PM"
"03_Homeworks\HW4\code\hw4\starter_code\part2\data\frame00000074.jpg","16522","11/3/2024 2:47:38 PM"
"03_Homeworks\HW4\code\hw4\starter_code\part2\data\frame00000075.jpg","16636","11/3/2024 2:47:38 PM"
"03_Homeworks\HW4\code\hw4\starter_code\part2\data\frame00000076.jpg","16612","11/3/2024 2:47:38 PM"
"03_Homeworks\HW4\code\hw4\starter_code\part2\data\frame00000077.jpg","16643","11/3/2024 2:47:38 PM"
"03_Homeworks\HW4\code\hw4\starter_code\part2\data\frame00000078.jpg","16582","11/3/2024 2:47:38 PM"
"03_Homeworks\HW4\code\hw4\starter_code\part2\data\frame00000079.jpg","16462","11/3/2024 2:47:38 PM"
"03_Homeworks\HW4\code\hw4\starter_code\part2\data\frame00000080.jpg","16511","11/3/2024 2:47:38 PM"
"03_Homeworks\HW4\code\hw4\starter_code\part2\data\frame00000081.jpg","16449","11/3/2024 2:47:38 PM"
"03_Homeworks\HW4\code\hw4\starter_code\part2\data\frame00000082.jpg","16466","11/3/2024 2:47:38 PM"
"03_Homeworks\HW4\code\hw4\starter_code\part2\data\frame00000083.jpg","16644","11/3/2024 2:47:38 PM"
"03_Homeworks\HW4\code\hw4\starter_code\part2\data\frame00000084.jpg","16698","11/3/2024 2:47:38 PM"
"03_Homeworks\HW4\code\hw4\starter_code\part2\data\frame00000085.jpg","16669","11/3/2024 2:47:38 PM"
"03_Homeworks\HW4\code\hw4\starter_code\part2\data\frame00000086.jpg","16625","11/3/2024 2:47:38 PM"
"03_Homeworks\HW4\code\hw4\starter_code\part2\data\frame00000087.jpg","16599","11/3/2024 2:47:38 PM"
"03_Homeworks\HW4\code\hw4\starter_code\part2\data\frame00000088.jpg","16684","11/3/2024 2:47:38 PM"
"03_Homeworks\HW4\code\hw4\starter_code\part2\data\frame00000089.jpg","16584","11/3/2024 2:47:38 PM"
"03_Homeworks\HW4\code\hw4\starter_code\part2\data\frame00000090.jpg","16631","11/3/2024 2:47:38 PM"
"03_Homeworks\HW4\code\hw4\starter_code\part2\data\frame00000091.jpg","16582","11/3/2024 2:47:38 PM"
"03_Homeworks\HW4\code\hw4\starter_code\part2\data\frame00000092.jpg","16780","11/3/2024 2:47:38 PM"
"03_Homeworks\HW4\code\hw4\starter_code\part2\data\frame00000093.jpg","16624","11/3/2024 2:47:38 PM"
"03_Homeworks\HW4\code\hw4\starter_code\part2\data\frame00000094.jpg","16793","11/3/2024 2:47:38 PM"
"03_Homeworks\HW4\code\hw4\starter_code\part2\data\frame00000095.jpg","16593","11/3/2024 2:47:38 PM"
"03_Homeworks\HW4\code\hw4\starter_code\part2\data\frame00000096.jpg","16658","11/3/2024 2:47:38 PM"
"03_Homeworks\HW4\code\hw4\starter_code\part2\data\frame00000097.jpg","16627","11/3/2024 2:47:38 PM"
"03_Homeworks\HW4\code\hw4\starter_code\part2\data\frame00000098.jpg","16766","11/3/2024 2:47:38 PM"
"03_Homeworks\HW4\code\hw4\starter_code\part2\data\frame00000099.jpg","16653","11/3/2024 2:47:38 PM"
"03_Homeworks\HW4\code\hw4\starter_code\part2\data\frame00000100.jpg","16811","11/3/2024 2:47:38 PM"
"03_Homeworks\HW4\code\hw4\starter_code\part2\data\frame00000101.jpg","16691","11/3/2024 2:47:38 PM"
"03_Homeworks\HW4\code\hw4\starter_code\part2\data\measurement_matrix.txt","297758","11/3/2024 2:47:38 PM"
"03_Homeworks\HW4\code\hw4\starter_code\part2\data\movie.wmv","2318196","11/3/2024 2:47:38 PM"
"03_Homeworks\HW4\code\hw4\starter_code\part2\data\readme.txt","697","11/3/2024 2:47:38 PM"
"03_Homeworks\HW4\code\hw4\starter_code\part2\main.py","1640","11/3/2024 2:47:38 PM"
"03_Homeworks\HW4\code\hw4\starter_code\part2\utils\figure_helper.py","1863","11/3/2024 2:47:38 PM"
"03_Homeworks\HW4\code\hw4\starter_code\part2\utils\io_helper.py","542","11/3/2024 2:47:38 PM"
"03_Homeworks\Solutions_Archive\1.jpg","55764","5/10/2026 8:33:38 AM"
"03_Homeworks\Solutions_Archive\1_mse_aligned.png","115641","5/10/2026 8:33:36 AM"
"03_Homeworks\Solutions_Archive\1_ncc_aligned.png","115641","5/10/2026 8:33:38 AM"
"03_Homeworks\Solutions_Archive\1_ssim_aligned.png","115641","5/10/2026 8:33:36 AM"
"03_Homeworks\Solutions_Archive\2.jpg","71320","5/10/2026 8:33:38 AM"
"03_Homeworks\Solutions_Archive\2_mse_aligned.png","146272","5/10/2026 8:33:36 AM"
"03_Homeworks\Solutions_Archive\2_ncc_aligned.png","146272","5/10/2026 8:33:38 AM"
"03_Homeworks\Solutions_Archive\2_ssim_aligned.png","146272","5/10/2026 8:33:36 AM"
"03_Homeworks\Solutions_Archive\3.jpg","59455","5/10/2026 8:33:38 AM"
"03_Homeworks\Solutions_Archive\3_mse_aligned.png","128391","5/10/2026 8:33:36 AM"
"03_Homeworks\Solutions_Archive\3_ncc_aligned.png","128391","5/10/2026 8:33:38 AM"
"03_Homeworks\Solutions_Archive\3_ssim_aligned.png","128391","5/10/2026 8:33:36 AM"
"03_Homeworks\Solutions_Archive\4.jpg","77596","5/10/2026 8:33:38 AM"
"03_Homeworks\Solutions_Archive\4_mse_aligned.png","141733","5/10/2026 8:33:36 AM"
"03_Homeworks\Solutions_Archive\4_ncc_aligned.png","141733","5/10/2026 8:33:38 AM"
"03_Homeworks\Solutions_Archive\4_ssim_aligned.png","141733","5/10/2026 8:33:36 AM"
"03_Homeworks\Solutions_Archive\5.jpg","64600","5/10/2026 8:33:38 AM"
"03_Homeworks\Solutions_Archive\5_mse_aligned.png","126715","5/10/2026 8:33:38 AM"
"03_Homeworks\Solutions_Archive\5_ncc_aligned.png","126715","5/10/2026 8:33:38 AM"
"03_Homeworks\Solutions_Archive\5_ssim_aligned.png","126715","5/10/2026 8:33:36 AM"
"03_Homeworks\Solutions_Archive\6.jpg","60624","5/10/2026 8:33:38 AM"
"03_Homeworks\Solutions_Archive\6_mse_aligned.png","123389","5/10/2026 8:33:38 AM"
"03_Homeworks\Solutions_Archive\6_ncc_aligned.png","123389","5/10/2026 8:33:38 AM"
"03_Homeworks\Solutions_Archive\6_ssim_aligned.png","123389","5/10/2026 8:33:36 AM"
"03_Homeworks\Solutions_Archive\CV-HW4-MultiView-Reconstruction-main\.gitignore","201","4/12/2026 2:01:12 AM"
"03_Homeworks\Solutions_Archive\CV-HW4-MultiView-Reconstruction-main\hw4.pdf","170848","4/12/2026 2:01:12 AM"
"03_Homeworks\Solutions_Archive\CV-HW4-MultiView-Reconstruction-main\hw4_complete.zip","2288496","4/12/2026 2:01:12 AM"
"03_Homeworks\Solutions_Archive\CV-HW4-MultiView-Reconstruction-main\hw4_complete\hw4\part1\camera.py","7189","4/12/2026 2:01:12 AM"
"03_Homeworks\Solutions_Archive\CV-HW4-MultiView-Reconstruction-main\hw4_complete\hw4\part1\data\lab_3d.txt","460","4/12/2026 2:01:12 AM"
"03_Homeworks\Solutions_Archive\CV-HW4-MultiView-Reconstruction-main\hw4_complete\hw4\part1\data\lab_matches.txt","2000","4/12/2026 2:01:12 AM"
"03_Homeworks\Solutions_Archive\CV-HW4-MultiView-Reconstruction-main\hw4_complete\hw4\part1\data\lab1.jpg","93853","4/12/2026 2:01:12 AM"
"03_Homeworks\Solutions_Archive\CV-HW4-MultiView-Reconstruction-main\hw4_complete\hw4\part1\data\lab2.jpg","107642","4/12/2026 2:01:12 AM"
"03_Homeworks\Solutions_Archive\CV-HW4-MultiView-Reconstruction-main\hw4_complete\hw4\part1\data\library_matches.txt","20085","4/12/2026 2:01:12 AM"
"03_Homeworks\Solutions_Archive\CV-HW4-MultiView-Reconstruction-main\hw4_complete\hw4\part1\data\library1.jpg","94978","4/12/2026 2:01:12 AM"
"03_Homeworks\Solutions_Archive\CV-HW4-MultiView-Reconstruction-main\hw4_complete\hw4\part1\data\library1_camera.txt","195","4/12/2026 2:01:12 AM"
"03_Homeworks\Solutions_Archive\CV-HW4-MultiView-Reconstruction-main\hw4_complete\hw4\part1\data\library2.jpg","94135","4/12/2026 2:01:12 AM"
"03_Homeworks\Solutions_Archive\CV-HW4-MultiView-Reconstruction-main\hw4_complete\hw4\part1\data\library2_camera.txt","195","4/12/2026 2:01:12 AM"
"03_Homeworks\Solutions_Archive\CV-HW4-MultiView-Reconstruction-main\hw4_complete\hw4\part1\main.py","3676","4/12/2026 2:01:12 AM"
"03_Homeworks\Solutions_Archive\CV-HW4-MultiView-Reconstruction-main\hw4_complete\hw4\part1\results\lab-F_norm.png","846449","4/12/2026 2:01:12 AM"
"03_Homeworks\Solutions_Archive\CV-HW4-MultiView-Reconstruction-main\hw4_complete\hw4\part1\results\lab-F_unnorm.png","845801","4/12/2026 2:01:12 AM"
"03_Homeworks\Solutions_Archive\CV-HW4-MultiView-Reconstruction-main\hw4_complete\hw4\part1\results\lab-matches.png","601910","4/12/2026 2:01:12 AM"
"03_Homeworks\Solutions_Archive\CV-HW4-MultiView-Reconstruction-main\hw4_complete\hw4\part1\results\library-F_norm.png","1108824","4/12/2026 2:01:12 AM"
"03_Homeworks\Solutions_Archive\CV-HW4-MultiView-Reconstruction-main\hw4_complete\hw4\part1\results\library-F_unnorm.png","1138647","4/12/2026 2:01:12 AM"
"03_Homeworks\Solutions_Archive\CV-HW4-MultiView-Reconstruction-main\hw4_complete\hw4\part1\results\library-matches.png","628804","4/12/2026 2:01:12 AM"
"03_Homeworks\Solutions_Archive\CV-HW4-MultiView-Reconstruction-main\hw4_complete\hw4\part1\utils\__init__.py","0","4/12/2026 2:01:12 AM"
"03_Homeworks\Solutions_Archive\CV-HW4-MultiView-Reconstruction-main\hw4_complete\hw4\part1\utils\figure_helper.py","2094","4/12/2026 2:01:12 AM"
"03_Homeworks\Solutions_Archive\CV-HW4-MultiView-Reconstruction-main\hw4_complete\hw4\part1\utils\io_helper.py","564","4/12/2026 2:01:12 AM"
"03_Homeworks\Solutions_Archive\CV-HW4-MultiView-Reconstruction-main\hw4_complete\hw4\part1\utils\math_helper.py","1599","4/12/2026 2:01:12 AM"
"03_Homeworks\Solutions_Archive\CV-HW4-MultiView-Reconstruction-main\hw4_complete\hw4\part2\affine.py","6398","4/12/2026 2:01:12 AM"
"03_Homeworks\Solutions_Archive\CV-HW4-MultiView-Reconstruction-main\hw4_complete\hw4\part2\data\frame00000001.jpg","18356","4/12/2026 2:01:12 AM"
"03_Homeworks\Solutions_Archive\CV-HW4-MultiView-Reconstruction-main\hw4_complete\hw4\part2\data\frame00000002.jpg","18331","4/12/2026 2:01:12 AM"
"03_Homeworks\Solutions_Archive\CV-HW4-MultiView-Reconstruction-main\hw4_complete\hw4\part2\data\frame00000003.jpg","18277","4/12/2026 2:01:12 AM"
"03_Homeworks\Solutions_Archive\CV-HW4-MultiView-Reconstruction-main\hw4_complete\hw4\part2\data\frame00000004.jpg","18468","4/12/2026 2:01:12 AM"
"03_Homeworks\Solutions_Archive\CV-HW4-MultiView-Reconstruction-main\hw4_complete\hw4\part2\data\frame00000005.jpg","18274","4/12/2026 2:01:12 AM"
"03_Homeworks\Solutions_Archive\CV-HW4-MultiView-Reconstruction-main\hw4_complete\hw4\part2\data\frame00000006.jpg","18240","4/12/2026 2:01:12 AM"
"03_Homeworks\Solutions_Archive\CV-HW4-MultiView-Reconstruction-main\hw4_complete\hw4\part2\data\frame00000007.jpg","18287","4/12/2026 2:01:12 AM"
"03_Homeworks\Solutions_Archive\CV-HW4-MultiView-Reconstruction-main\hw4_complete\hw4\part2\data\frame00000008.jpg","18230","4/12/2026 2:01:12 AM"
"03_Homeworks\Solutions_Archive\CV-HW4-MultiView-Reconstruction-main\hw4_complete\hw4\part2\data\frame00000009.jpg","18385","4/12/2026 2:01:12 AM"
"03_Homeworks\Solutions_Archive\CV-HW4-MultiView-Reconstruction-main\hw4_complete\hw4\part2\data\frame00000010.jpg","18263","4/12/2026 2:01:12 AM"
"03_Homeworks\Solutions_Archive\CV-HW4-MultiView-Reconstruction-main\hw4_complete\hw4\part2\data\frame00000011.jpg","18188","4/12/2026 2:01:12 AM"
"03_Homeworks\Solutions_Archive\CV-HW4-MultiView-Reconstruction-main\hw4_complete\hw4\part2\data\frame00000012.jpg","18216","4/12/2026 2:01:12 AM"
"03_Homeworks\Solutions_Archive\CV-HW4-MultiView-Reconstruction-main\hw4_complete\hw4\part2\data\frame00000013.jpg","18158","4/12/2026 2:01:12 AM"
"03_Homeworks\Solutions_Archive\CV-HW4-MultiView-Reconstruction-main\hw4_complete\hw4\part2\data\frame00000014.jpg","18265","4/12/2026 2:01:12 AM"
"03_Homeworks\Solutions_Archive\CV-HW4-MultiView-Reconstruction-main\hw4_complete\hw4\part2\data\frame00000015.jpg","18171","4/12/2026 2:01:12 AM"
"03_Homeworks\Solutions_Archive\CV-HW4-MultiView-Reconstruction-main\hw4_complete\hw4\part2\data\frame00000016.jpg","18022","4/12/2026 2:01:12 AM"
"03_Homeworks\Solutions_Archive\CV-HW4-MultiView-Reconstruction-main\hw4_complete\hw4\part2\data\frame00000017.jpg","18167","4/12/2026 2:01:12 AM"
"03_Homeworks\Solutions_Archive\CV-HW4-MultiView-Reconstruction-main\hw4_complete\hw4\part2\data\frame00000018.jpg","18012","4/12/2026 2:01:12 AM"
"03_Homeworks\Solutions_Archive\CV-HW4-MultiView-Reconstruction-main\hw4_complete\hw4\part2\data\frame00000019.jpg","18089","4/12/2026 2:01:12 AM"
"03_Homeworks\Solutions_Archive\CV-HW4-MultiView-Reconstruction-main\hw4_complete\hw4\part2\data\frame00000020.jpg","17902","4/12/2026 2:01:12 AM"
"03_Homeworks\Solutions_Archive\CV-HW4-MultiView-Reconstruction-main\hw4_complete\hw4\part2\data\frame00000021.jpg","18047","4/12/2026 2:01:12 AM"
"03_Homeworks\Solutions_Archive\CV-HW4-MultiView-Reconstruction-main\hw4_complete\hw4\part2\data\frame00000022.jpg","17765","4/12/2026 2:01:12 AM"
"03_Homeworks\Solutions_Archive\CV-HW4-MultiView-Reconstruction-main\hw4_complete\hw4\part2\data\frame00000023.jpg","17922","4/12/2026 2:01:12 AM"
"03_Homeworks\Solutions_Archive\CV-HW4-MultiView-Reconstruction-main\hw4_complete\hw4\part2\data\frame00000024.jpg","17841","4/12/2026 2:01:12 AM"
"03_Homeworks\Solutions_Archive\CV-HW4-MultiView-Reconstruction-main\hw4_complete\hw4\part2\data\frame00000025.jpg","17751","4/12/2026 2:01:12 AM"
"03_Homeworks\Solutions_Archive\CV-HW4-MultiView-Reconstruction-main\hw4_complete\hw4\part2\data\frame00000026.jpg","17638","4/12/2026 2:01:12 AM"
"03_Homeworks\Solutions_Archive\CV-HW4-MultiView-Reconstruction-main\hw4_complete\hw4\part2\data\frame00000027.jpg","17731","4/12/2026 2:01:12 AM"
"03_Homeworks\Solutions_Archive\CV-HW4-MultiView-Reconstruction-main\hw4_complete\hw4\part2\data\frame00000028.jpg","17655","4/12/2026 2:01:12 AM"
"03_Homeworks\Solutions_Archive\CV-HW4-MultiView-Reconstruction-main\hw4_complete\hw4\part2\data\frame00000029.jpg","17895","4/12/2026 2:01:12 AM"
"03_Homeworks\Solutions_Archive\CV-HW4-MultiView-Reconstruction-main\hw4_complete\hw4\part2\data\frame00000030.jpg","17644","4/12/2026 2:01:12 AM"
"03_Homeworks\Solutions_Archive\CV-HW4-MultiView-Reconstruction-main\hw4_complete\hw4\part2\data\frame00000031.jpg","17577","4/12/2026 2:01:12 AM"
"03_Homeworks\Solutions_Archive\CV-HW4-MultiView-Reconstruction-main\hw4_complete\hw4\part2\data\frame00000032.jpg","17578","4/12/2026 2:01:12 AM"
"03_Homeworks\Solutions_Archive\CV-HW4-MultiView-Reconstruction-main\hw4_complete\hw4\part2\data\frame00000033.jpg","17695","4/12/2026 2:01:12 AM"
"03_Homeworks\Solutions_Archive\CV-HW4-MultiView-Reconstruction-main\hw4_complete\hw4\part2\data\frame00000034.jpg","17681","4/12/2026 2:01:12 AM"
"03_Homeworks\Solutions_Archive\CV-HW4-MultiView-Reconstruction-main\hw4_complete\hw4\part2\data\frame00000035.jpg","17328","4/12/2026 2:01:12 AM"
"03_Homeworks\Solutions_Archive\CV-HW4-MultiView-Reconstruction-main\hw4_complete\hw4\part2\data\frame00000036.jpg","17269","4/12/2026 2:01:12 AM"
"03_Homeworks\Solutions_Archive\CV-HW4-MultiView-Reconstruction-main\hw4_complete\hw4\part2\data\frame00000037.jpg","17438","4/12/2026 2:01:12 AM"
"03_Homeworks\Solutions_Archive\CV-HW4-MultiView-Reconstruction-main\hw4_complete\hw4\part2\data\frame00000038.jpg","17222","4/12/2026 2:01:12 AM"
"03_Homeworks\Solutions_Archive\CV-HW4-MultiView-Reconstruction-main\hw4_complete\hw4\part2\data\frame00000039.jpg","17352","4/12/2026 2:01:12 AM"
"03_Homeworks\Solutions_Archive\CV-HW4-MultiView-Reconstruction-main\hw4_complete\hw4\part2\data\frame00000040.jpg","17257","4/12/2026 2:01:12 AM"
"03_Homeworks\Solutions_Archive\CV-HW4-MultiView-Reconstruction-main\hw4_complete\hw4\part2\data\frame00000041.jpg","17091","4/12/2026 2:01:12 AM"
"03_Homeworks\Solutions_Archive\CV-HW4-MultiView-Reconstruction-main\hw4_complete\hw4\part2\data\frame00000042.jpg","16919","4/12/2026 2:01:12 AM"
"03_Homeworks\Solutions_Archive\CV-HW4-MultiView-Reconstruction-main\hw4_complete\hw4\part2\data\frame00000043.jpg","16913","4/12/2026 2:01:12 AM"
"03_Homeworks\Solutions_Archive\CV-HW4-MultiView-Reconstruction-main\hw4_complete\hw4\part2\data\frame00000044.jpg","16935","4/12/2026 2:01:12 AM"
"03_Homeworks\Solutions_Archive\CV-HW4-MultiView-Reconstruction-main\hw4_complete\hw4\part2\data\frame00000045.jpg","17058","4/12/2026 2:01:12 AM"
"03_Homeworks\Solutions_Archive\CV-HW4-MultiView-Reconstruction-main\hw4_complete\hw4\part2\data\frame00000046.jpg","17058","4/12/2026 2:01:12 AM"
"03_Homeworks\Solutions_Archive\CV-HW4-MultiView-Reconstruction-main\hw4_complete\hw4\part2\data\frame00000047.jpg","16888","4/12/2026 2:01:12 AM"
"03_Homeworks\Solutions_Archive\CV-HW4-MultiView-Reconstruction-main\hw4_complete\hw4\part2\data\frame00000048.jpg","16780","4/12/2026 2:01:12 AM"
"03_Homeworks\Solutions_Archive\CV-HW4-MultiView-Reconstruction-main\hw4_complete\hw4\part2\data\frame00000049.jpg","16815","4/12/2026 2:01:12 AM"
"03_Homeworks\Solutions_Archive\CV-HW4-MultiView-Reconstruction-main\hw4_complete\hw4\part2\data\frame00000050.jpg","16707","4/12/2026 2:01:12 AM"
"03_Homeworks\Solutions_Archive\CV-HW4-MultiView-Reconstruction-main\hw4_complete\hw4\part2\data\frame00000051.jpg","16856","4/12/2026 2:01:12 AM"
"03_Homeworks\Solutions_Archive\CV-HW4-MultiView-Reconstruction-main\hw4_complete\hw4\part2\data\frame00000052.jpg","16689","4/12/2026 2:01:12 AM"
"03_Homeworks\Solutions_Archive\CV-HW4-MultiView-Reconstruction-main\hw4_complete\hw4\part2\data\frame00000053.jpg","16836","4/12/2026 2:01:12 AM"
"03_Homeworks\Solutions_Archive\CV-HW4-MultiView-Reconstruction-main\hw4_complete\hw4\part2\data\frame00000054.jpg","16746","4/12/2026 2:01:12 AM"
"03_Homeworks\Solutions_Archive\CV-HW4-MultiView-Reconstruction-main\hw4_complete\hw4\part2\data\frame00000055.jpg","16769","4/12/2026 2:01:12 AM"
"03_Homeworks\Solutions_Archive\CV-HW4-MultiView-Reconstruction-main\hw4_complete\hw4\part2\data\frame00000056.jpg","16472","4/12/2026 2:01:12 AM"
"03_Homeworks\Solutions_Archive\CV-HW4-MultiView-Reconstruction-main\hw4_complete\hw4\part2\data\frame00000057.jpg","16486","4/12/2026 2:01:12 AM"
"03_Homeworks\Solutions_Archive\CV-HW4-MultiView-Reconstruction-main\hw4_complete\hw4\part2\data\frame00000058.jpg","16600","4/12/2026 2:01:12 AM"
"03_Homeworks\Solutions_Archive\CV-HW4-MultiView-Reconstruction-main\hw4_complete\hw4\part2\data\frame00000059.jpg","16466","4/12/2026 2:01:12 AM"
"03_Homeworks\Solutions_Archive\CV-HW4-MultiView-Reconstruction-main\hw4_complete\hw4\part2\data\frame00000060.jpg","16426","4/12/2026 2:01:12 AM"
"03_Homeworks\Solutions_Archive\CV-HW4-MultiView-Reconstruction-main\hw4_complete\hw4\part2\data\frame00000061.jpg","16388","4/12/2026 2:01:12 AM"
"03_Homeworks\Solutions_Archive\CV-HW4-MultiView-Reconstruction-main\hw4_complete\hw4\part2\data\frame00000062.jpg","16438","4/12/2026 2:01:12 AM"
"03_Homeworks\Solutions_Archive\CV-HW4-MultiView-Reconstruction-main\hw4_complete\hw4\part2\data\frame00000063.jpg","16491","4/12/2026 2:01:12 AM"
"03_Homeworks\Solutions_Archive\CV-HW4-MultiView-Reconstruction-main\hw4_complete\hw4\part2\data\frame00000064.jpg","16477","4/12/2026 2:01:12 AM"
"03_Homeworks\Solutions_Archive\CV-HW4-MultiView-Reconstruction-main\hw4_complete\hw4\part2\data\frame00000065.jpg","16503","4/12/2026 2:01:12 AM"
"03_Homeworks\Solutions_Archive\CV-HW4-MultiView-Reconstruction-main\hw4_complete\hw4\part2\data\frame00000066.jpg","16426","4/12/2026 2:01:12 AM"
"03_Homeworks\Solutions_Archive\CV-HW4-MultiView-Reconstruction-main\hw4_complete\hw4\part2\data\frame00000067.jpg","16521","4/12/2026 2:01:12 AM"
"03_Homeworks\Solutions_Archive\CV-HW4-MultiView-Reconstruction-main\hw4_complete\hw4\part2\data\frame00000068.jpg","16715","4/12/2026 2:01:12 AM"
"03_Homeworks\Solutions_Archive\CV-HW4-MultiView-Reconstruction-main\hw4_complete\hw4\part2\data\frame00000069.jpg","16773","4/12/2026 2:01:12 AM"
"03_Homeworks\Solutions_Archive\CV-HW4-MultiView-Reconstruction-main\hw4_complete\hw4\part2\data\frame00000070.jpg","16773","4/12/2026 2:01:12 AM"
"03_Homeworks\Solutions_Archive\CV-HW4-MultiView-Reconstruction-main\hw4_complete\hw4\part2\data\frame00000071.jpg","16635","4/12/2026 2:01:12 AM"
"03_Homeworks\Solutions_Archive\CV-HW4-MultiView-Reconstruction-main\hw4_complete\hw4\part2\data\frame00000072.jpg","16605","4/12/2026 2:01:12 AM"
"03_Homeworks\Solutions_Archive\CV-HW4-MultiView-Reconstruction-main\hw4_complete\hw4\part2\data\frame00000073.jpg","16759","4/12/2026 2:01:12 AM"
"03_Homeworks\Solutions_Archive\CV-HW4-MultiView-Reconstruction-main\hw4_complete\hw4\part2\data\frame00000074.jpg","16522","4/12/2026 2:01:12 AM"
"03_Homeworks\Solutions_Archive\CV-HW4-MultiView-Reconstruction-main\hw4_complete\hw4\part2\data\frame00000075.jpg","16636","4/12/2026 2:01:12 AM"
"03_Homeworks\Solutions_Archive\CV-HW4-MultiView-Reconstruction-main\hw4_complete\hw4\part2\data\frame00000076.jpg","16612","4/12/2026 2:01:12 AM"
"03_Homeworks\Solutions_Archive\CV-HW4-MultiView-Reconstruction-main\hw4_complete\hw4\part2\data\frame00000077.jpg","16643","4/12/2026 2:01:12 AM"
"03_Homeworks\Solutions_Archive\CV-HW4-MultiView-Reconstruction-main\hw4_complete\hw4\part2\data\frame00000078.jpg","16582","4/12/2026 2:01:12 AM"
"03_Homeworks\Solutions_Archive\CV-HW4-MultiView-Reconstruction-main\hw4_complete\hw4\part2\data\frame00000079.jpg","16462","4/12/2026 2:01:12 AM"
"03_Homeworks\Solutions_Archive\CV-HW4-MultiView-Reconstruction-main\hw4_complete\hw4\part2\data\frame00000080.jpg","16511","4/12/2026 2:01:12 AM"
"03_Homeworks\Solutions_Archive\CV-HW4-MultiView-Reconstruction-main\hw4_complete\hw4\part2\data\frame00000081.jpg","16449","4/12/2026 2:01:12 AM"
"03_Homeworks\Solutions_Archive\CV-HW4-MultiView-Reconstruction-main\hw4_complete\hw4\part2\data\frame00000082.jpg","16466","4/12/2026 2:01:12 AM"
"03_Homeworks\Solutions_Archive\CV-HW4-MultiView-Reconstruction-main\hw4_complete\hw4\part2\data\frame00000083.jpg","16644","4/12/2026 2:01:12 AM"
"03_Homeworks\Solutions_Archive\CV-HW4-MultiView-Reconstruction-main\hw4_complete\hw4\part2\data\frame00000084.jpg","16698","4/12/2026 2:01:12 AM"
"03_Homeworks\Solutions_Archive\CV-HW4-MultiView-Reconstruction-main\hw4_complete\hw4\part2\data\frame00000085.jpg","16669","4/12/2026 2:01:12 AM"
"03_Homeworks\Solutions_Archive\CV-HW4-MultiView-Reconstruction-main\hw4_complete\hw4\part2\data\frame00000086.jpg","16625","4/12/2026 2:01:12 AM"
"03_Homeworks\Solutions_Archive\CV-HW4-MultiView-Reconstruction-main\hw4_complete\hw4\part2\data\frame00000087.jpg","16599","4/12/2026 2:01:12 AM"
"03_Homeworks\Solutions_Archive\CV-HW4-MultiView-Reconstruction-main\hw4_complete\hw4\part2\data\frame00000088.jpg","16684","4/12/2026 2:01:12 AM"
"03_Homeworks\Solutions_Archive\CV-HW4-MultiView-Reconstruction-main\hw4_complete\hw4\part2\data\frame00000089.jpg","16584","4/12/2026 2:01:12 AM"
"03_Homeworks\Solutions_Archive\CV-HW4-MultiView-Reconstruction-main\hw4_complete\hw4\part2\data\frame00000090.jpg","16631","4/12/2026 2:01:12 AM"
"03_Homeworks\Solutions_Archive\CV-HW4-MultiView-Reconstruction-main\hw4_complete\hw4\part2\data\frame00000091.jpg","16582","4/12/2026 2:01:12 AM"
"03_Homeworks\Solutions_Archive\CV-HW4-MultiView-Reconstruction-main\hw4_complete\hw4\part2\data\frame00000092.jpg","16780","4/12/2026 2:01:12 AM"
"03_Homeworks\Solutions_Archive\CV-HW4-MultiView-Reconstruction-main\hw4_complete\hw4\part2\data\frame00000093.jpg","16624","4/12/2026 2:01:12 AM"
"03_Homeworks\Solutions_Archive\CV-HW4-MultiView-Reconstruction-main\hw4_complete\hw4\part2\data\frame00000094.jpg","16793","4/12/2026 2:01:12 AM"
"03_Homeworks\Solutions_Archive\CV-HW4-MultiView-Reconstruction-main\hw4_complete\hw4\part2\data\frame00000095.jpg","16593","4/12/2026 2:01:12 AM"
"03_Homeworks\Solutions_Archive\CV-HW4-MultiView-Reconstruction-main\hw4_complete\hw4\part2\data\frame00000096.jpg","16658","4/12/2026 2:01:12 AM"
"03_Homeworks\Solutions_Archive\CV-HW4-MultiView-Reconstruction-main\hw4_complete\hw4\part2\data\frame00000097.jpg","16627","4/12/2026 2:01:12 AM"
"03_Homeworks\Solutions_Archive\CV-HW4-MultiView-Reconstruction-main\hw4_complete\hw4\part2\data\frame00000098.jpg","16766","4/12/2026 2:01:12 AM"
"03_Homeworks\Solutions_Archive\CV-HW4-MultiView-Reconstruction-main\hw4_complete\hw4\part2\data\frame00000099.jpg","16653","4/12/2026 2:01:12 AM"
"03_Homeworks\Solutions_Archive\CV-HW4-MultiView-Reconstruction-main\hw4_complete\hw4\part2\data\frame00000100.jpg","16811","4/12/2026 2:01:12 AM"
"03_Homeworks\Solutions_Archive\CV-HW4-MultiView-Reconstruction-main\hw4_complete\hw4\part2\data\frame00000101.jpg","16691","4/12/2026 2:01:12 AM"
"03_Homeworks\Solutions_Archive\CV-HW4-MultiView-Reconstruction-main\hw4_complete\hw4\part2\data\measurement_matrix.txt","297556","4/12/2026 2:01:12 AM"
"03_Homeworks\Solutions_Archive\CV-HW4-MultiView-Reconstruction-main\hw4_complete\hw4\part2\data\readme.txt","676","4/12/2026 2:01:12 AM"
"03_Homeworks\Solutions_Archive\CV-HW4-MultiView-Reconstruction-main\hw4_complete\hw4\part2\main.py","1640","4/12/2026 2:01:12 AM"
"03_Homeworks\Solutions_Archive\CV-HW4-MultiView-Reconstruction-main\hw4_complete\hw4\part2\results\k00000001.png","539773","4/12/2026 2:01:12 AM"
"03_Homeworks\Solutions_Archive\CV-HW4-MultiView-Reconstruction-main\hw4_complete\hw4\part2\results\k00000002.png","537476","4/12/2026 2:01:12 AM"
"03_Homeworks\Solutions_Archive\CV-HW4-MultiView-Reconstruction-main\hw4_complete\hw4\part2\results\k00000003.png","532775","4/12/2026 2:01:12 AM"
"03_Homeworks\Solutions_Archive\CV-HW4-MultiView-Reconstruction-main\hw4_complete\hw4\part2\results\k00000004.png","536625","4/12/2026 2:01:12 AM"
"03_Homeworks\Solutions_Archive\CV-HW4-MultiView-Reconstruction-main\hw4_complete\hw4\part2\results\k00000005.png","528500","4/12/2026 2:01:12 AM"
"03_Homeworks\Solutions_Archive\CV-HW4-MultiView-Reconstruction-main\hw4_complete\hw4\part2\results\k00000006.png","524454","4/12/2026 2:01:12 AM"
"03_Homeworks\Solutions_Archive\CV-HW4-MultiView-Reconstruction-main\hw4_complete\hw4\part2\results\k00000007.png","526508","4/12/2026 2:01:12 AM"
"03_Homeworks\Solutions_Archive\CV-HW4-MultiView-Reconstruction-main\hw4_complete\hw4\part2\results\k00000008.png","524925","4/12/2026 2:01:12 AM"
"03_Homeworks\Solutions_Archive\CV-HW4-MultiView-Reconstruction-main\hw4_complete\hw4\part2\results\k00000009.png","529119","4/12/2026 2:01:12 AM"
"03_Homeworks\Solutions_Archive\CV-HW4-MultiView-Reconstruction-main\hw4_complete\hw4\part2\results\k00000010.png","521547","4/12/2026 2:01:12 AM"
"03_Homeworks\Solutions_Archive\CV-HW4-MultiView-Reconstruction-main\hw4_complete\hw4\part2\results\k00000011.png","521396","4/12/2026 2:01:12 AM"
"03_Homeworks\Solutions_Archive\CV-HW4-MultiView-Reconstruction-main\hw4_complete\hw4\part2\results\k00000012.png","521250","4/12/2026 2:01:12 AM"
"03_Homeworks\Solutions_Archive\CV-HW4-MultiView-Reconstruction-main\hw4_complete\hw4\part2\results\k00000013.png","519477","4/12/2026 2:01:12 AM"
"03_Homeworks\Solutions_Archive\CV-HW4-MultiView-Reconstruction-main\hw4_complete\hw4\part2\results\k00000014.png","518883","4/12/2026 2:01:12 AM"
"03_Homeworks\Solutions_Archive\CV-HW4-MultiView-Reconstruction-main\hw4_complete\hw4\part2\results\k00000015.png","512587","4/12/2026 2:01:12 AM"
"03_Homeworks\Solutions_Archive\CV-HW4-MultiView-Reconstruction-main\hw4_complete\hw4\part2\results\k00000016.png","512229","4/12/2026 2:01:12 AM"
"03_Homeworks\Solutions_Archive\CV-HW4-MultiView-Reconstruction-main\hw4_complete\hw4\part2\results\k00000017.png","515707","4/12/2026 2:01:12 AM"
"03_Homeworks\Solutions_Archive\CV-HW4-MultiView-Reconstruction-main\hw4_complete\hw4\part2\results\k00000018.png","512609","4/12/2026 2:01:12 AM"
"03_Homeworks\Solutions_Archive\CV-HW4-MultiView-Reconstruction-main\hw4_complete\hw4\part2\results\k00000019.png","514418","4/12/2026 2:01:12 AM"
"03_Homeworks\Solutions_Archive\CV-HW4-MultiView-Reconstruction-main\hw4_complete\hw4\part2\results\k00000020.png","512202","4/12/2026 2:01:12 AM"
"03_Homeworks\Solutions_Archive\CV-HW4-MultiView-Reconstruction-main\hw4_complete\hw4\part2\results\k00000021.png","513651","4/12/2026 2:01:12 AM"
"03_Homeworks\Solutions_Archive\CV-HW4-MultiView-Reconstruction-main\hw4_complete\hw4\part2\results\k00000022.png","504956","4/12/2026 2:01:12 AM"
"03_Homeworks\Solutions_Archive\CV-HW4-MultiView-Reconstruction-main\hw4_complete\hw4\part2\results\k00000023.png","512748","4/12/2026 2:01:12 AM"
"03_Homeworks\Solutions_Archive\CV-HW4-MultiView-Reconstruction-main\hw4_complete\hw4\part2\results\k00000024.png","508616","4/12/2026 2:01:12 AM"
"03_Homeworks\Solutions_Archive\CV-HW4-MultiView-Reconstruction-main\hw4_complete\hw4\part2\results\k00000025.png","501315","4/12/2026 2:01:12 AM"
"03_Homeworks\Solutions_Archive\CV-HW4-MultiView-Reconstruction-main\hw4_complete\hw4\part2\results\k00000026.png","504918","4/12/2026 2:01:12 AM"
"03_Homeworks\Solutions_Archive\CV-HW4-MultiView-Reconstruction-main\hw4_complete\hw4\part2\results\k00000027.png","503052","4/12/2026 2:01:12 AM"
"03_Homeworks\Solutions_Archive\CV-HW4-MultiView-Reconstruction-main\hw4_complete\hw4\part2\results\k00000028.png","498212","4/12/2026 2:01:12 AM"
"03_Homeworks\Solutions_Archive\CV-HW4-MultiView-Reconstruction-main\hw4_complete\hw4\part2\results\k00000029.png","502545","4/12/2026 2:01:12 AM"
"03_Homeworks\Solutions_Archive\CV-HW4-MultiView-Reconstruction-main\hw4_complete\hw4\part2\results\k00000030.png","494876","4/12/2026 2:01:12 AM"
"03_Homeworks\Solutions_Archive\CV-HW4-MultiView-Reconstruction-main\hw4_complete\hw4\part2\results\k00000031.png","491025","4/12/2026 2:01:12 AM"
"03_Homeworks\Solutions_Archive\CV-HW4-MultiView-Reconstruction-main\hw4_complete\hw4\part2\results\k00000032.png","492770","4/12/2026 2:01:12 AM"
"03_Homeworks\Solutions_Archive\CV-HW4-MultiView-Reconstruction-main\hw4_complete\hw4\part2\results\k00000033.png","489345","4/12/2026 2:01:12 AM"
"03_Homeworks\Solutions_Archive\CV-HW4-MultiView-Reconstruction-main\hw4_complete\hw4\part2\results\k00000034.png","489385","4/12/2026 2:01:12 AM"
"03_Homeworks\Solutions_Archive\CV-HW4-MultiView-Reconstruction-main\hw4_complete\hw4\part2\results\k00000035.png","481306","4/12/2026 2:01:12 AM"
"03_Homeworks\Solutions_Archive\CV-HW4-MultiView-Reconstruction-main\hw4_complete\hw4\part2\results\k00000036.png","482249","4/12/2026 2:01:12 AM"
"03_Homeworks\Solutions_Archive\CV-HW4-MultiView-Reconstruction-main\hw4_complete\hw4\part2\results\k00000037.png","481741","4/12/2026 2:01:12 AM"
"03_Homeworks\Solutions_Archive\CV-HW4-MultiView-Reconstruction-main\hw4_complete\hw4\part2\results\k00000038.png","478231","4/12/2026 2:01:12 AM"
"03_Homeworks\Solutions_Archive\CV-HW4-MultiView-Reconstruction-main\hw4_complete\hw4\part2\results\k00000039.png","481116","4/12/2026 2:01:12 AM"
"03_Homeworks\Solutions_Archive\CV-HW4-MultiView-Reconstruction-main\hw4_complete\hw4\part2\results\k00000040.png","479565","4/12/2026 2:01:12 AM"
"03_Homeworks\Solutions_Archive\CV-HW4-MultiView-Reconstruction-main\hw4_complete\hw4\part2\results\k00000041.png","476892","4/12/2026 2:01:12 AM"
"03_Homeworks\Solutions_Archive\CV-HW4-MultiView-Reconstruction-main\hw4_complete\hw4\part2\results\k00000042.png","469672","4/12/2026 2:01:12 AM"
"03_Homeworks\Solutions_Archive\CV-HW4-MultiView-Reconstruction-main\hw4_complete\hw4\part2\results\k00000043.png","471678","4/12/2026 2:01:12 AM"
"03_Homeworks\Solutions_Archive\CV-HW4-MultiView-Reconstruction-main\hw4_complete\hw4\part2\results\k00000044.png","467580","4/12/2026 2:01:12 AM"
"03_Homeworks\Solutions_Archive\CV-HW4-MultiView-Reconstruction-main\hw4_complete\hw4\part2\results\k00000045.png","470441","4/12/2026 2:01:12 AM"
"03_Homeworks\Solutions_Archive\CV-HW4-MultiView-Reconstruction-main\hw4_complete\hw4\part2\results\k00000046.png","466980","4/12/2026 2:01:12 AM"
"03_Homeworks\Solutions_Archive\CV-HW4-MultiView-Reconstruction-main\hw4_complete\hw4\part2\results\k00000047.png","460258","4/12/2026 2:01:12 AM"
"03_Homeworks\Solutions_Archive\CV-HW4-MultiView-Reconstruction-main\hw4_complete\hw4\part2\results\k00000048.png","457681","4/12/2026 2:01:12 AM"
"03_Homeworks\Solutions_Archive\CV-HW4-MultiView-Reconstruction-main\hw4_complete\hw4\part2\results\k00000049.png","454498","4/12/2026 2:01:12 AM"
"03_Homeworks\Solutions_Archive\CV-HW4-MultiView-Reconstruction-main\hw4_complete\hw4\part2\results\k00000050.png","452259","4/12/2026 2:01:12 AM"
"03_Homeworks\Solutions_Archive\CV-HW4-MultiView-Reconstruction-main\hw4_complete\hw4\part2\results\k00000051.png","449430","4/12/2026 2:01:12 AM"
"03_Homeworks\Solutions_Archive\CV-HW4-MultiView-Reconstruction-main\hw4_complete\hw4\part2\results\k00000052.png","445967","4/12/2026 2:01:12 AM"
"03_Homeworks\Solutions_Archive\CV-HW4-MultiView-Reconstruction-main\hw4_complete\hw4\part2\results\k00000053.png","445891","4/12/2026 2:01:12 AM"
"03_Homeworks\Solutions_Archive\CV-HW4-MultiView-Reconstruction-main\hw4_complete\hw4\part2\results\k00000054.png","441870","4/12/2026 2:01:12 AM"
"03_Homeworks\Solutions_Archive\CV-HW4-MultiView-Reconstruction-main\hw4_complete\hw4\part2\results\k00000055.png","445796","4/12/2026 2:01:12 AM"
"03_Homeworks\Solutions_Archive\CV-HW4-MultiView-Reconstruction-main\hw4_complete\hw4\part2\results\k00000056.png","438563","4/12/2026 2:01:12 AM"
"03_Homeworks\Solutions_Archive\CV-HW4-MultiView-Reconstruction-main\hw4_complete\hw4\part2\results\k00000057.png","437393","4/12/2026 2:01:12 AM"
"03_Homeworks\Solutions_Archive\CV-HW4-MultiView-Reconstruction-main\hw4_complete\hw4\part2\results\k00000058.png","440271","4/12/2026 2:01:12 AM"
"03_Homeworks\Solutions_Archive\CV-HW4-MultiView-Reconstruction-main\hw4_complete\hw4\part2\results\k00000059.png","435208","4/12/2026 2:01:12 AM"
"03_Homeworks\Solutions_Archive\CV-HW4-MultiView-Reconstruction-main\hw4_complete\hw4\part2\results\k00000060.png","433038","4/12/2026 2:01:12 AM"
"03_Homeworks\Solutions_Archive\CV-HW4-MultiView-Reconstruction-main\hw4_complete\hw4\part2\results\k00000061.png","426590","4/12/2026 2:01:12 AM"
"03_Homeworks\Solutions_Archive\CV-HW4-MultiView-Reconstruction-main\hw4_complete\hw4\part2\results\k00000062.png","434072","4/12/2026 2:01:12 AM"
"03_Homeworks\Solutions_Archive\CV-HW4-MultiView-Reconstruction-main\hw4_complete\hw4\part2\results\k00000063.png","431416","4/12/2026 2:01:12 AM"
"03_Homeworks\Solutions_Archive\CV-HW4-MultiView-Reconstruction-main\hw4_complete\hw4\part2\results\k00000064.png","430207","4/12/2026 2:01:12 AM"
"03_Homeworks\Solutions_Archive\CV-HW4-MultiView-Reconstruction-main\hw4_complete\hw4\part2\results\k00000065.png","428225","4/12/2026 2:01:12 AM"
"03_Homeworks\Solutions_Archive\CV-HW4-MultiView-Reconstruction-main\hw4_complete\hw4\part2\results\k00000066.png","431991","4/12/2026 2:01:12 AM"
"03_Homeworks\Solutions_Archive\CV-HW4-MultiView-Reconstruction-main\hw4_complete\hw4\part2\results\k00000067.png","433477","4/12/2026 2:01:12 AM"
"03_Homeworks\Solutions_Archive\CV-HW4-MultiView-Reconstruction-main\hw4_complete\hw4\part2\results\k00000068.png","433704","4/12/2026 2:01:12 AM"
"03_Homeworks\Solutions_Archive\CV-HW4-MultiView-Reconstruction-main\hw4_complete\hw4\part2\results\k00000069.png","434902","4/12/2026 2:01:12 AM"
"03_Homeworks\Solutions_Archive\CV-HW4-MultiView-Reconstruction-main\hw4_complete\hw4\part2\results\k00000070.png","438152","4/12/2026 2:01:12 AM"
"03_Homeworks\Solutions_Archive\CV-HW4-MultiView-Reconstruction-main\hw4_complete\hw4\part2\results\k00000071.png","431909","4/12/2026 2:01:12 AM"
"03_Homeworks\Solutions_Archive\CV-HW4-MultiView-Reconstruction-main\hw4_complete\hw4\part2\results\k00000072.png","432468","4/12/2026 2:01:12 AM"
"03_Homeworks\Solutions_Archive\CV-HW4-MultiView-Reconstruction-main\hw4_complete\hw4\part2\results\k00000073.png","436203","4/12/2026 2:01:12 AM"
"03_Homeworks\Solutions_Archive\CV-HW4-MultiView-Reconstruction-main\hw4_complete\hw4\part2\results\k00000074.png","433954","4/12/2026 2:01:12 AM"
"03_Homeworks\Solutions_Archive\CV-HW4-MultiView-Reconstruction-main\hw4_complete\hw4\part2\results\k00000075.png","431531","4/12/2026 2:01:12 AM"
"03_Homeworks\Solutions_Archive\CV-HW4-MultiView-Reconstruction-main\hw4_complete\hw4\part2\results\k00000076.png","431379","4/12/2026 2:01:12 AM"
"03_Homeworks\Solutions_Archive\CV-HW4-MultiView-Reconstruction-main\hw4_complete\hw4\part2\results\k00000077.png","432514","4/12/2026 2:01:12 AM"
"03_Homeworks\Solutions_Archive\CV-HW4-MultiView-Reconstruction-main\hw4_complete\hw4\part2\results\k00000078.png","431626","4/12/2026 2:01:12 AM"
"03_Homeworks\Solutions_Archive\CV-HW4-MultiView-Reconstruction-main\hw4_complete\hw4\part2\results\k00000079.png","421415","4/12/2026 2:01:12 AM"
"03_Homeworks\Solutions_Archive\CV-HW4-MultiView-Reconstruction-main\hw4_complete\hw4\part2\results\k00000080.png","430922","4/12/2026 2:01:12 AM"
"03_Homeworks\Solutions_Archive\CV-HW4-MultiView-Reconstruction-main\hw4_complete\hw4\part2\results\k00000081.png","431775","4/12/2026 2:01:12 AM"
"03_Homeworks\Solutions_Archive\CV-HW4-MultiView-Reconstruction-main\hw4_complete\hw4\part2\results\k00000082.png","429510","4/12/2026 2:01:12 AM"
"03_Homeworks\Solutions_Archive\CV-HW4-MultiView-Reconstruction-main\hw4_complete\hw4\part2\results\k00000083.png","434186","4/12/2026 2:01:12 AM"
"03_Homeworks\Solutions_Archive\CV-HW4-MultiView-Reconstruction-main\hw4_complete\hw4\part2\results\k00000084.png","432275","4/12/2026 2:01:12 AM"
"03_Homeworks\Solutions_Archive\CV-HW4-MultiView-Reconstruction-main\hw4_complete\hw4\part2\results\k00000085.png","432985","4/12/2026 2:01:12 AM"
"03_Homeworks\Solutions_Archive\CV-HW4-MultiView-Reconstruction-main\hw4_complete\hw4\part2\results\k00000086.png","430911","4/12/2026 2:01:12 AM"
"03_Homeworks\Solutions_Archive\CV-HW4-MultiView-Reconstruction-main\hw4_complete\hw4\part2\results\k00000087.png","433361","4/12/2026 2:01:12 AM"
"03_Homeworks\Solutions_Archive\CV-HW4-MultiView-Reconstruction-main\hw4_complete\hw4\part2\results\k00000088.png","428552","4/12/2026 2:01:12 AM"
"03_Homeworks\Solutions_Archive\CV-HW4-MultiView-Reconstruction-main\hw4_complete\hw4\part2\results\k00000089.png","428273","4/12/2026 2:01:12 AM"
"03_Homeworks\Solutions_Archive\CV-HW4-MultiView-Reconstruction-main\hw4_complete\hw4\part2\results\k00000090.png","431351","4/12/2026 2:01:12 AM"
"03_Homeworks\Solutions_Archive\CV-HW4-MultiView-Reconstruction-main\hw4_complete\hw4\part2\results\k00000091.png","429670","4/12/2026 2:01:12 AM"
"03_Homeworks\Solutions_Archive\CV-HW4-MultiView-Reconstruction-main\hw4_complete\hw4\part2\results\k00000092.png","433607","4/12/2026 2:01:12 AM"
"03_Homeworks\Solutions_Archive\CV-HW4-MultiView-Reconstruction-main\hw4_complete\hw4\part2\results\k00000093.png","431135","4/12/2026 2:01:12 AM"
"03_Homeworks\Solutions_Archive\CV-HW4-MultiView-Reconstruction-main\hw4_complete\hw4\part2\results\k00000094.png","436286","4/12/2026 2:01:12 AM"
"03_Homeworks\Solutions_Archive\CV-HW4-MultiView-Reconstruction-main\hw4_complete\hw4\part2\results\k00000095.png","432320","4/12/2026 2:01:12 AM"
"03_Homeworks\Solutions_Archive\CV-HW4-MultiView-Reconstruction-main\hw4_complete\hw4\part2\results\k00000096.png","428620","4/12/2026 2:01:12 AM"
"03_Homeworks\Solutions_Archive\CV-HW4-MultiView-Reconstruction-main\hw4_complete\hw4\part2\results\k00000097.png","425876","4/12/2026 2:01:12 AM"
"03_Homeworks\Solutions_Archive\CV-HW4-MultiView-Reconstruction-main\hw4_complete\hw4\part2\results\k00000098.png","423742","4/12/2026 2:01:12 AM"
"03_Homeworks\Solutions_Archive\CV-HW4-MultiView-Reconstruction-main\hw4_complete\hw4\part2\results\k00000099.png","419671","4/12/2026 2:01:12 AM"
"03_Homeworks\Solutions_Archive\CV-HW4-MultiView-Reconstruction-main\hw4_complete\hw4\part2\results\k00000100.png","419757","4/12/2026 2:01:12 AM"
"03_Homeworks\Solutions_Archive\CV-HW4-MultiView-Reconstruction-main\hw4_complete\hw4\part2\results\k00000101.png","414270","4/12/2026 2:01:12 AM"
"03_Homeworks\Solutions_Archive\CV-HW4-MultiView-Reconstruction-main\hw4_complete\hw4\part2\results\mse.png","49529","4/12/2026 2:01:12 AM"
"03_Homeworks\Solutions_Archive\CV-HW4-MultiView-Reconstruction-main\hw4_complete\hw4\part2\results\S1-1.png","163427","4/12/2026 2:01:12 AM"
"03_Homeworks\Solutions_Archive\CV-HW4-MultiView-Reconstruction-main\hw4_complete\hw4\part2\results\S1-2.png","165424","4/12/2026 2:01:12 AM"
"03_Homeworks\Solutions_Archive\CV-HW4-MultiView-Reconstruction-main\hw4_complete\hw4\part2\results\S1-3.png","100747","4/12/2026 2:01:12 AM"
"03_Homeworks\Solutions_Archive\CV-HW4-MultiView-Reconstruction-main\hw4_complete\hw4\part2\results\S2-1.png","167407","4/12/2026 2:01:12 AM"
"03_Homeworks\Solutions_Archive\CV-HW4-MultiView-Reconstruction-main\hw4_complete\hw4\part2\results\S2-2.png","174187","4/12/2026 2:01:12 AM"
"03_Homeworks\Solutions_Archive\CV-HW4-MultiView-Reconstruction-main\hw4_complete\hw4\part2\results\S2-3.png","103121","4/12/2026 2:01:12 AM"
"03_Homeworks\Solutions_Archive\CV-HW4-MultiView-Reconstruction-main\hw4_complete\hw4\part2\utils\__init__.py","0","4/12/2026 2:01:12 AM"
"03_Homeworks\Solutions_Archive\CV-HW4-MultiView-Reconstruction-main\hw4_complete\hw4\part2\utils\figure_helper.py","1863","4/12/2026 2:01:12 AM"
"03_Homeworks\Solutions_Archive\CV-HW4-MultiView-Reconstruction-main\hw4_complete\hw4\part2\utils\io_helper.py","542","4/12/2026 2:01:12 AM"
"03_Homeworks\Solutions_Archive\CV-HW4-MultiView-Reconstruction-main\hw4_complete\hw4\README.md","5352","4/12/2026 2:01:12 AM"
"03_Homeworks\Solutions_Archive\CV-HW4-MultiView-Reconstruction-main\README.md","1775","4/12/2026 2:01:12 AM"
"03_Homeworks\Solutions_Archive\CV-HW4-MultiView-Reconstruction-main\relevant lecture slides\lec14_light_shading.pdf","13117109","4/12/2026 2:01:12 AM"
"03_Homeworks\Solutions_Archive\CV-HW4-MultiView-Reconstruction-main\relevant lecture slides\lec15_light_shading_2.pdf","15137701","4/12/2026 2:01:12 AM"
"03_Homeworks\Solutions_Archive\CV-HW4-MultiView-Reconstruction-main\relevant lecture slides\lec16_calib_projection.pdf","3322115","4/12/2026 2:01:12 AM"
"03_Homeworks\Solutions_Archive\CV-HW4-MultiView-Reconstruction-main\relevant lecture slides\lec17_calibration_1.pdf","2534551","4/12/2026 2:01:12 AM"
"03_Homeworks\Solutions_Archive\CV-HW4-MultiView-Reconstruction-main\report_template\main.tex","995","4/12/2026 2:01:12 AM"
"03_Homeworks\Solutions_Archive\CV-HW4-MultiView-Reconstruction-main\report_template\math_commands.tex","12276","4/12/2026 2:01:12 AM"
"03_Homeworks\Solutions_Archive\CV-HW4-MultiView-Reconstruction-main\report_template\student_response\report.tex","21773","4/12/2026 2:01:12 AM"
"03_Homeworks\Solutions_Archive\CV-HW4-MultiView-Reconstruction-main\report_template\style_include.tex","5075","4/12/2026 2:01:12 AM"
"03_Homeworks\Solutions_Archive\CV-HW4-MultiView-Reconstruction-main\report_template\symbols.sty","2329","4/12/2026 2:01:12 AM"
"03_Homeworks\Solutions_Archive\CV-HW4-MultiView-Reconstruction-main\starter_code\part1\camera.py","4214","4/12/2026 2:01:12 AM"
"03_Homeworks\Solutions_Archive\CV-HW4-MultiView-Reconstruction-main\starter_code\part1\data\lab_3d.txt","460","4/12/2026 2:01:12 AM"
"03_Homeworks\Solutions_Archive\CV-HW4-MultiView-Reconstruction-main\starter_code\part1\data\lab_matches.txt","2000","4/12/2026 2:01:12 AM"
"03_Homeworks\Solutions_Archive\CV-HW4-MultiView-Reconstruction-main\starter_code\part1\data\lab1.jpg","93853","4/12/2026 2:01:12 AM"
"03_Homeworks\Solutions_Archive\CV-HW4-MultiView-Reconstruction-main\starter_code\part1\data\lab2.jpg","107642","4/12/2026 2:01:12 AM"
"03_Homeworks\Solutions_Archive\CV-HW4-MultiView-Reconstruction-main\starter_code\part1\data\library_matches.txt","20085","4/12/2026 2:01:12 AM"
"03_Homeworks\Solutions_Archive\CV-HW4-MultiView-Reconstruction-main\starter_code\part1\data\library1.jpg","94978","4/12/2026 2:01:12 AM"
"03_Homeworks\Solutions_Archive\CV-HW4-MultiView-Reconstruction-main\starter_code\part1\data\library1_camera.txt","195","4/12/2026 2:01:12 AM"
"03_Homeworks\Solutions_Archive\CV-HW4-MultiView-Reconstruction-main\starter_code\part1\data\library2.jpg","94135","4/12/2026 2:01:12 AM"
"03_Homeworks\Solutions_Archive\CV-HW4-MultiView-Reconstruction-main\starter_code\part1\data\library2_camera.txt","195","4/12/2026 2:01:12 AM"
"03_Homeworks\Solutions_Archive\CV-HW4-MultiView-Reconstruction-main\starter_code\part1\main.py","3676","4/12/2026 2:01:12 AM"
"03_Homeworks\Solutions_Archive\CV-HW4-MultiView-Reconstruction-main\starter_code\part1\utils\figure_helper.py","2094","4/12/2026 2:01:12 AM"
"03_Homeworks\Solutions_Archive\CV-HW4-MultiView-Reconstruction-main\starter_code\part1\utils\io_helper.py","564","4/12/2026 2:01:12 AM"
"03_Homeworks\Solutions_Archive\CV-HW4-MultiView-Reconstruction-main\starter_code\part1\utils\math_helper.py","1599","4/12/2026 2:01:12 AM"
"03_Homeworks\Solutions_Archive\CV-HW4-MultiView-Reconstruction-main\starter_code\part2\affine.py","2198","4/12/2026 2:01:12 AM"
"03_Homeworks\Solutions_Archive\CV-HW4-MultiView-Reconstruction-main\starter_code\part2\data\frame00000001.jpg","18356","4/12/2026 2:01:12 AM"
"03_Homeworks\Solutions_Archive\CV-HW4-MultiView-Reconstruction-main\starter_code\part2\data\frame00000002.jpg","18331","4/12/2026 2:01:12 AM"
"03_Homeworks\Solutions_Archive\CV-HW4-MultiView-Reconstruction-main\starter_code\part2\data\frame00000003.jpg","18277","4/12/2026 2:01:12 AM"
"03_Homeworks\Solutions_Archive\CV-HW4-MultiView-Reconstruction-main\starter_code\part2\data\frame00000004.jpg","18468","4/12/2026 2:01:12 AM"
"03_Homeworks\Solutions_Archive\CV-HW4-MultiView-Reconstruction-main\starter_code\part2\data\frame00000005.jpg","18274","4/12/2026 2:01:12 AM"
"03_Homeworks\Solutions_Archive\CV-HW4-MultiView-Reconstruction-main\starter_code\part2\data\frame00000006.jpg","18240","4/12/2026 2:01:12 AM"
"03_Homeworks\Solutions_Archive\CV-HW4-MultiView-Reconstruction-main\starter_code\part2\data\frame00000007.jpg","18287","4/12/2026 2:01:12 AM"
"03_Homeworks\Solutions_Archive\CV-HW4-MultiView-Reconstruction-main\starter_code\part2\data\frame00000008.jpg","18230","4/12/2026 2:01:12 AM"
"03_Homeworks\Solutions_Archive\CV-HW4-MultiView-Reconstruction-main\starter_code\part2\data\frame00000009.jpg","18385","4/12/2026 2:01:12 AM"
"03_Homeworks\Solutions_Archive\CV-HW4-MultiView-Reconstruction-main\starter_code\part2\data\frame00000010.jpg","18263","4/12/2026 2:01:12 AM"
"03_Homeworks\Solutions_Archive\CV-HW4-MultiView-Reconstruction-main\starter_code\part2\data\frame00000011.jpg","18188","4/12/2026 2:01:12 AM"
"03_Homeworks\Solutions_Archive\CV-HW4-MultiView-Reconstruction-main\starter_code\part2\data\frame00000012.jpg","18216","4/12/2026 2:01:12 AM"
"03_Homeworks\Solutions_Archive\CV-HW4-MultiView-Reconstruction-main\starter_code\part2\data\frame00000013.jpg","18158","4/12/2026 2:01:12 AM"
"03_Homeworks\Solutions_Archive\CV-HW4-MultiView-Reconstruction-main\starter_code\part2\data\frame00000014.jpg","18265","4/12/2026 2:01:12 AM"
"03_Homeworks\Solutions_Archive\CV-HW4-MultiView-Reconstruction-main\starter_code\part2\data\frame00000015.jpg","18171","4/12/2026 2:01:12 AM"
"03_Homeworks\Solutions_Archive\CV-HW4-MultiView-Reconstruction-main\starter_code\part2\data\frame00000016.jpg","18022","4/12/2026 2:01:12 AM"
"03_Homeworks\Solutions_Archive\CV-HW4-MultiView-Reconstruction-main\starter_code\part2\data\frame00000017.jpg","18167","4/12/2026 2:01:12 AM"
"03_Homeworks\Solutions_Archive\CV-HW4-MultiView-Reconstruction-main\starter_code\part2\data\frame00000018.jpg","18012","4/12/2026 2:01:12 AM"
"03_Homeworks\Solutions_Archive\CV-HW4-MultiView-Reconstruction-main\starter_code\part2\data\frame00000019.jpg","18089","4/12/2026 2:01:12 AM"
"03_Homeworks\Solutions_Archive\CV-HW4-MultiView-Reconstruction-main\starter_code\part2\data\frame00000020.jpg","17902","4/12/2026 2:01:12 AM"
"03_Homeworks\Solutions_Archive\CV-HW4-MultiView-Reconstruction-main\starter_code\part2\data\frame00000021.jpg","18047","4/12/2026 2:01:12 AM"
"03_Homeworks\Solutions_Archive\CV-HW4-MultiView-Reconstruction-main\starter_code\part2\data\frame00000022.jpg","17765","4/12/2026 2:01:12 AM"
"03_Homeworks\Solutions_Archive\CV-HW4-MultiView-Reconstruction-main\starter_code\part2\data\frame00000023.jpg","17922","4/12/2026 2:01:12 AM"
"03_Homeworks\Solutions_Archive\CV-HW4-MultiView-Reconstruction-main\starter_code\part2\data\frame00000024.jpg","17841","4/12/2026 2:01:12 AM"
"03_Homeworks\Solutions_Archive\CV-HW4-MultiView-Reconstruction-main\starter_code\part2\data\frame00000025.jpg","17751","4/12/2026 2:01:12 AM"
"03_Homeworks\Solutions_Archive\CV-HW4-MultiView-Reconstruction-main\starter_code\part2\data\frame00000026.jpg","17638","4/12/2026 2:01:12 AM"
"03_Homeworks\Solutions_Archive\CV-HW4-MultiView-Reconstruction-main\starter_code\part2\data\frame00000027.jpg","17731","4/12/2026 2:01:12 AM"
"03_Homeworks\Solutions_Archive\CV-HW4-MultiView-Reconstruction-main\starter_code\part2\data\frame00000028.jpg","17655","4/12/2026 2:01:12 AM"
"03_Homeworks\Solutions_Archive\CV-HW4-MultiView-Reconstruction-main\starter_code\part2\data\frame00000029.jpg","17895","4/12/2026 2:01:12 AM"
"03_Homeworks\Solutions_Archive\CV-HW4-MultiView-Reconstruction-main\starter_code\part2\data\frame00000030.jpg","17644","4/12/2026 2:01:12 AM"
"03_Homeworks\Solutions_Archive\CV-HW4-MultiView-Reconstruction-main\starter_code\part2\data\frame00000031.jpg","17577","4/12/2026 2:01:12 AM"
"03_Homeworks\Solutions_Archive\CV-HW4-MultiView-Reconstruction-main\starter_code\part2\data\frame00000032.jpg","17578","4/12/2026 2:01:12 AM"
"03_Homeworks\Solutions_Archive\CV-HW4-MultiView-Reconstruction-main\starter_code\part2\data\frame00000033.jpg","17695","4/12/2026 2:01:12 AM"
"03_Homeworks\Solutions_Archive\CV-HW4-MultiView-Reconstruction-main\starter_code\part2\data\frame00000034.jpg","17681","4/12/2026 2:01:12 AM"
"03_Homeworks\Solutions_Archive\CV-HW4-MultiView-Reconstruction-main\starter_code\part2\data\frame00000035.jpg","17328","4/12/2026 2:01:12 AM"
"03_Homeworks\Solutions_Archive\CV-HW4-MultiView-Reconstruction-main\starter_code\part2\data\frame00000036.jpg","17269","4/12/2026 2:01:12 AM"
"03_Homeworks\Solutions_Archive\CV-HW4-MultiView-Reconstruction-main\starter_code\part2\data\frame00000037.jpg","17438","4/12/2026 2:01:12 AM"
"03_Homeworks\Solutions_Archive\CV-HW4-MultiView-Reconstruction-main\starter_code\part2\data\frame00000038.jpg","17222","4/12/2026 2:01:12 AM"
"03_Homeworks\Solutions_Archive\CV-HW4-MultiView-Reconstruction-main\starter_code\part2\data\frame00000039.jpg","17352","4/12/2026 2:01:12 AM"
"03_Homeworks\Solutions_Archive\CV-HW4-MultiView-Reconstruction-main\starter_code\part2\data\frame00000040.jpg","17257","4/12/2026 2:01:12 AM"
"03_Homeworks\Solutions_Archive\CV-HW4-MultiView-Reconstruction-main\starter_code\part2\data\frame00000041.jpg","17091","4/12/2026 2:01:12 AM"
"03_Homeworks\Solutions_Archive\CV-HW4-MultiView-Reconstruction-main\starter_code\part2\data\frame00000042.jpg","16919","4/12/2026 2:01:12 AM"
"03_Homeworks\Solutions_Archive\CV-HW4-MultiView-Reconstruction-main\starter_code\part2\data\frame00000043.jpg","16913","4/12/2026 2:01:12 AM"
"03_Homeworks\Solutions_Archive\CV-HW4-MultiView-Reconstruction-main\starter_code\part2\data\frame00000044.jpg","16935","4/12/2026 2:01:12 AM"
"03_Homeworks\Solutions_Archive\CV-HW4-MultiView-Reconstruction-main\starter_code\part2\data\frame00000045.jpg","17058","4/12/2026 2:01:12 AM"
"03_Homeworks\Solutions_Archive\CV-HW4-MultiView-Reconstruction-main\starter_code\part2\data\frame00000046.jpg","17058","4/12/2026 2:01:12 AM"
"03_Homeworks\Solutions_Archive\CV-HW4-MultiView-Reconstruction-main\starter_code\part2\data\frame00000047.jpg","16888","4/12/2026 2:01:12 AM"
"03_Homeworks\Solutions_Archive\CV-HW4-MultiView-Reconstruction-main\starter_code\part2\data\frame00000048.jpg","16780","4/12/2026 2:01:12 AM"
"03_Homeworks\Solutions_Archive\CV-HW4-MultiView-Reconstruction-main\starter_code\part2\data\frame00000049.jpg","16815","4/12/2026 2:01:12 AM"
"03_Homeworks\Solutions_Archive\CV-HW4-MultiView-Reconstruction-main\starter_code\part2\data\frame00000050.jpg","16707","4/12/2026 2:01:12 AM"
"03_Homeworks\Solutions_Archive\CV-HW4-MultiView-Reconstruction-main\starter_code\part2\data\frame00000051.jpg","16856","4/12/2026 2:01:12 AM"
"03_Homeworks\Solutions_Archive\CV-HW4-MultiView-Reconstruction-main\starter_code\part2\data\frame00000052.jpg","16689","4/12/2026 2:01:12 AM"
"03_Homeworks\Solutions_Archive\CV-HW4-MultiView-Reconstruction-main\starter_code\part2\data\frame00000053.jpg","16836","4/12/2026 2:01:12 AM"
"03_Homeworks\Solutions_Archive\CV-HW4-MultiView-Reconstruction-main\starter_code\part2\data\frame00000054.jpg","16746","4/12/2026 2:01:12 AM"
"03_Homeworks\Solutions_Archive\CV-HW4-MultiView-Reconstruction-main\starter_code\part2\data\frame00000055.jpg","16769","4/12/2026 2:01:12 AM"
"03_Homeworks\Solutions_Archive\CV-HW4-MultiView-Reconstruction-main\starter_code\part2\data\frame00000056.jpg","16472","4/12/2026 2:01:12 AM"
"03_Homeworks\Solutions_Archive\CV-HW4-MultiView-Reconstruction-main\starter_code\part2\data\frame00000057.jpg","16486","4/12/2026 2:01:12 AM"
"03_Homeworks\Solutions_Archive\CV-HW4-MultiView-Reconstruction-main\starter_code\part2\data\frame00000058.jpg","16600","4/12/2026 2:01:12 AM"
"03_Homeworks\Solutions_Archive\CV-HW4-MultiView-Reconstruction-main\starter_code\part2\data\frame00000059.jpg","16466","4/12/2026 2:01:12 AM"
"03_Homeworks\Solutions_Archive\CV-HW4-MultiView-Reconstruction-main\starter_code\part2\data\frame00000060.jpg","16426","4/12/2026 2:01:12 AM"
"03_Homeworks\Solutions_Archive\CV-HW4-MultiView-Reconstruction-main\starter_code\part2\data\frame00000061.jpg","16388","4/12/2026 2:01:12 AM"
"03_Homeworks\Solutions_Archive\CV-HW4-MultiView-Reconstruction-main\starter_code\part2\data\frame00000062.jpg","16438","4/12/2026 2:01:12 AM"
"03_Homeworks\Solutions_Archive\CV-HW4-MultiView-Reconstruction-main\starter_code\part2\data\frame00000063.jpg","16491","4/12/2026 2:01:12 AM"
"03_Homeworks\Solutions_Archive\CV-HW4-MultiView-Reconstruction-main\starter_code\part2\data\frame00000064.jpg","16477","4/12/2026 2:01:12 AM"
"03_Homeworks\Solutions_Archive\CV-HW4-MultiView-Reconstruction-main\starter_code\part2\data\frame00000065.jpg","16503","4/12/2026 2:01:12 AM"
"03_Homeworks\Solutions_Archive\CV-HW4-MultiView-Reconstruction-main\starter_code\part2\data\frame00000066.jpg","16426","4/12/2026 2:01:12 AM"
"03_Homeworks\Solutions_Archive\CV-HW4-MultiView-Reconstruction-main\starter_code\part2\data\frame00000067.jpg","16521","4/12/2026 2:01:12 AM"
"03_Homeworks\Solutions_Archive\CV-HW4-MultiView-Reconstruction-main\starter_code\part2\data\frame00000068.jpg","16715","4/12/2026 2:01:12 AM"
"03_Homeworks\Solutions_Archive\CV-HW4-MultiView-Reconstruction-main\starter_code\part2\data\frame00000069.jpg","16773","4/12/2026 2:01:12 AM"
"03_Homeworks\Solutions_Archive\CV-HW4-MultiView-Reconstruction-main\starter_code\part2\data\frame00000070.jpg","16773","4/12/2026 2:01:12 AM"
"03_Homeworks\Solutions_Archive\CV-HW4-MultiView-Reconstruction-main\starter_code\part2\data\frame00000071.jpg","16635","4/12/2026 2:01:12 AM"
"03_Homeworks\Solutions_Archive\CV-HW4-MultiView-Reconstruction-main\starter_code\part2\data\frame00000072.jpg","16605","4/12/2026 2:01:12 AM"
"03_Homeworks\Solutions_Archive\CV-HW4-MultiView-Reconstruction-main\starter_code\part2\data\frame00000073.jpg","16759","4/12/2026 2:01:12 AM"
"03_Homeworks\Solutions_Archive\CV-HW4-MultiView-Reconstruction-main\starter_code\part2\data\frame00000074.jpg","16522","4/12/2026 2:01:12 AM"
"03_Homeworks\Solutions_Archive\CV-HW4-MultiView-Reconstruction-main\starter_code\part2\data\frame00000075.jpg","16636","4/12/2026 2:01:12 AM"
"03_Homeworks\Solutions_Archive\CV-HW4-MultiView-Reconstruction-main\starter_code\part2\data\frame00000076.jpg","16612","4/12/2026 2:01:12 AM"
"03_Homeworks\Solutions_Archive\CV-HW4-MultiView-Reconstruction-main\starter_code\part2\data\frame00000077.jpg","16643","4/12/2026 2:01:12 AM"
"03_Homeworks\Solutions_Archive\CV-HW4-MultiView-Reconstruction-main\starter_code\part2\data\frame00000078.jpg","16582","4/12/2026 2:01:12 AM"
"03_Homeworks\Solutions_Archive\CV-HW4-MultiView-Reconstruction-main\starter_code\part2\data\frame00000079.jpg","16462","4/12/2026 2:01:12 AM"
"03_Homeworks\Solutions_Archive\CV-HW4-MultiView-Reconstruction-main\starter_code\part2\data\frame00000080.jpg","16511","4/12/2026 2:01:12 AM"
"03_Homeworks\Solutions_Archive\CV-HW4-MultiView-Reconstruction-main\starter_code\part2\data\frame00000081.jpg","16449","4/12/2026 2:01:12 AM"
"03_Homeworks\Solutions_Archive\CV-HW4-MultiView-Reconstruction-main\starter_code\part2\data\frame00000082.jpg","16466","4/12/2026 2:01:12 AM"
"03_Homeworks\Solutions_Archive\CV-HW4-MultiView-Reconstruction-main\starter_code\part2\data\frame00000083.jpg","16644","4/12/2026 2:01:12 AM"
"03_Homeworks\Solutions_Archive\CV-HW4-MultiView-Reconstruction-main\starter_code\part2\data\frame00000084.jpg","16698","4/12/2026 2:01:12 AM"
"03_Homeworks\Solutions_Archive\CV-HW4-MultiView-Reconstruction-main\starter_code\part2\data\frame00000085.jpg","16669","4/12/2026 2:01:12 AM"
"03_Homeworks\Solutions_Archive\CV-HW4-MultiView-Reconstruction-main\starter_code\part2\data\frame00000086.jpg","16625","4/12/2026 2:01:12 AM"
"03_Homeworks\Solutions_Archive\CV-HW4-MultiView-Reconstruction-main\starter_code\part2\data\frame00000087.jpg","16599","4/12/2026 2:01:12 AM"
"03_Homeworks\Solutions_Archive\CV-HW4-MultiView-Reconstruction-main\starter_code\part2\data\frame00000088.jpg","16684","4/12/2026 2:01:12 AM"
"03_Homeworks\Solutions_Archive\CV-HW4-MultiView-Reconstruction-main\starter_code\part2\data\frame00000089.jpg","16584","4/12/2026 2:01:12 AM"
"03_Homeworks\Solutions_Archive\CV-HW4-MultiView-Reconstruction-main\starter_code\part2\data\frame00000090.jpg","16631","4/12/2026 2:01:12 AM"
"03_Homeworks\Solutions_Archive\CV-HW4-MultiView-Reconstruction-main\starter_code\part2\data\frame00000091.jpg","16582","4/12/2026 2:01:12 AM"
"03_Homeworks\Solutions_Archive\CV-HW4-MultiView-Reconstruction-main\starter_code\part2\data\frame00000092.jpg","16780","4/12/2026 2:01:12 AM"
"03_Homeworks\Solutions_Archive\CV-HW4-MultiView-Reconstruction-main\starter_code\part2\data\frame00000093.jpg","16624","4/12/2026 2:01:12 AM"
"03_Homeworks\Solutions_Archive\CV-HW4-MultiView-Reconstruction-main\starter_code\part2\data\frame00000094.jpg","16793","4/12/2026 2:01:12 AM"
"03_Homeworks\Solutions_Archive\CV-HW4-MultiView-Reconstruction-main\starter_code\part2\data\frame00000095.jpg","16593","4/12/2026 2:01:12 AM"
"03_Homeworks\Solutions_Archive\CV-HW4-MultiView-Reconstruction-main\starter_code\part2\data\frame00000096.jpg","16658","4/12/2026 2:01:12 AM"
"03_Homeworks\Solutions_Archive\CV-HW4-MultiView-Reconstruction-main\starter_code\part2\data\frame00000097.jpg","16627","4/12/2026 2:01:12 AM"
"03_Homeworks\Solutions_Archive\CV-HW4-MultiView-Reconstruction-main\starter_code\part2\data\frame00000098.jpg","16766","4/12/2026 2:01:12 AM"
"03_Homeworks\Solutions_Archive\CV-HW4-MultiView-Reconstruction-main\starter_code\part2\data\frame00000099.jpg","16653","4/12/2026 2:01:12 AM"
"03_Homeworks\Solutions_Archive\CV-HW4-MultiView-Reconstruction-main\starter_code\part2\data\frame00000100.jpg","16811","4/12/2026 2:01:12 AM"
"03_Homeworks\Solutions_Archive\CV-HW4-MultiView-Reconstruction-main\starter_code\part2\data\frame00000101.jpg","16691","4/12/2026 2:01:12 AM"
"03_Homeworks\Solutions_Archive\CV-HW4-MultiView-Reconstruction-main\starter_code\part2\data\measurement_matrix.txt","297556","4/12/2026 2:01:12 AM"
"03_Homeworks\Solutions_Archive\CV-HW4-MultiView-Reconstruction-main\starter_code\part2\data\movie.wmv","2318196","4/12/2026 2:01:12 AM"
"03_Homeworks\Solutions_Archive\CV-HW4-MultiView-Reconstruction-main\starter_code\part2\data\readme.txt","676","4/12/2026 2:01:12 AM"
"03_Homeworks\Solutions_Archive\CV-HW4-MultiView-Reconstruction-main\starter_code\part2\main.py","1640","4/12/2026 2:01:12 AM"
"03_Homeworks\Solutions_Archive\CV-HW4-MultiView-Reconstruction-main\starter_code\part2\utils\figure_helper.py","1863","4/12/2026 2:01:12 AM"
"03_Homeworks\Solutions_Archive\CV-HW4-MultiView-Reconstruction-main\starter_code\part2\utils\io_helper.py","542","4/12/2026 2:01:12 AM"
"03_Homeworks\Solutions_Archive\figures\part1_1_unaligned.png","161172","5/10/2026 8:33:32 AM"
"03_Homeworks\Solutions_Archive\figures\part1_2_unaligned.png","187879","5/10/2026 8:33:32 AM"
"03_Homeworks\Solutions_Archive\figures\part1_3_unaligned.png","174106","5/10/2026 8:33:32 AM"
"03_Homeworks\Solutions_Archive\figures\part1_4_unaligned.png","198599","5/10/2026 8:33:32 AM"
"03_Homeworks\Solutions_Archive\figures\part1_5_unaligned.png","175703","5/10/2026 8:33:32 AM"
"03_Homeworks\Solutions_Archive\figures\part1_6_unaligned.png","166907","5/10/2026 8:33:32 AM"
"03_Homeworks\Solutions_Archive\figures\part1_grid_mse_aligned_DIFF.png","2967735","5/10/2026 8:33:32 AM"
"03_Homeworks\Solutions_Archive\figures\part1_grid_ncc_aligned_DIFF.png","2974432","5/10/2026 8:33:32 AM"
"03_Homeworks\Solutions_Archive\figures\part1_grid_unaligned.png","3179842","5/10/2026 8:33:32 AM"
"03_Homeworks\Solutions_Archive\figures\part2_aggregate_readable.png","148183","5/10/2026 8:33:32 AM"
"03_Homeworks\Solutions_Archive\figures\part2_aggregate_vertical.png","81961","5/10/2026 8:33:32 AM"
"03_Homeworks\Solutions_Archive\figures\part2_before_after_butterfly.png","1285609","5/10/2026 8:33:32 AM"
"03_Homeworks\Solutions_Archive\figures\part2_before_after_einstein.png","1022416","5/10/2026 8:33:32 AM"
"03_Homeworks\Solutions_Archive\figures\part2_before_after_fishes.png","993516","5/10/2026 8:33:32 AM"
"03_Homeworks\Solutions_Archive\figures\part2_before_after_sunflowers.png","1091207","5/10/2026 8:33:32 AM"
"03_Homeworks\Solutions_Archive\figures\part2_counts_by_profile.png","41939","5/10/2026 8:33:32 AM"
"03_Homeworks\Solutions_Archive\figures\part2_final_grid.png","2632278","5/10/2026 8:33:34 AM"
"03_Homeworks\Solutions_Archive\figures\part2_profile_compare_butterfly.png","2573961","5/10/2026 8:33:34 AM"
"03_Homeworks\Solutions_Archive\figures\part2_profile_compare_einstein.png","2079494","5/10/2026 8:33:34 AM"
"03_Homeworks\Solutions_Archive\figures\part2_profile_compare_fishes.png","2172666","5/10/2026 8:33:34 AM"
"03_Homeworks\Solutions_Archive\figures\part2_profile_compare_sunflowers.png","2166449","5/10/2026 8:33:34 AM"
"03_Homeworks\Solutions_Archive\figures\part2_proxy_f1_by_profile.png","31150","5/10/2026 8:33:34 AM"
"03_Homeworks\Solutions_Archive\figures\part2_runtime_by_profile.png","31040","5/10/2026 8:33:34 AM"
"03_Homeworks\Solutions_Archive\main.tex","15927","5/10/2026 8:33:36 AM"
"03_Homeworks\Solutions_Archive\math_commands.tex","12276","5/10/2026 8:31:54 AM"
"03_Homeworks\Solutions_Archive\student_response\figures\all_subjects_average_results.png","511385","5/10/2026 8:31:54 AM"
"03_Homeworks\Solutions_Archive\student_response\figures\part1_inlier_compare.png","491935","5/10/2026 8:31:54 AM"
"03_Homeworks\Solutions_Archive\student_response\figures\part1_inlier_hynet_cropped.png","662199","5/10/2026 8:31:54 AM"
"03_Homeworks\Solutions_Archive\student_response\figures\part1_inlier_pixel_cropped.png","610658","5/10/2026 8:31:54 AM"
"03_Homeworks\Solutions_Archive\student_response\figures\part1_panorama_compare.png","338020","5/10/2026 8:31:54 AM"
"03_Homeworks\Solutions_Archive\student_response\figures\part1_stitched_hynet_cropped.png","97011","5/10/2026 8:31:54 AM"
"03_Homeworks\Solutions_Archive\student_response\figures\part1_stitched_pixel_cropped.png","92238","5/10/2026 8:31:54 AM"
"03_Homeworks\Solutions_Archive\student_response\figures\yaleB01_assumption_inputs.png","492272","5/10/2026 8:31:54 AM"
"03_Homeworks\Solutions_Archive\student_response\figures\yaleB01_height_map_subset_average.png","55347","5/10/2026 8:31:54 AM"
"03_Homeworks\Solutions_Archive\student_response\figures\yaleB01_method_compare.png","232660","5/10/2026 8:31:54 AM"
"03_Homeworks\Solutions_Archive\student_response\figures\yaleB01_normals_grid.png","168067","5/10/2026 8:31:54 AM"
"03_Homeworks\Solutions_Archive\student_response\figures\yaleB01_subset_albedo.png","18507","5/10/2026 8:31:54 AM"
"03_Homeworks\Solutions_Archive\student_response\figures\yaleB01_subset_compare.png","354438","5/10/2026 8:31:54 AM"
"03_Homeworks\Solutions_Archive\student_response\figures\yaleB01_subset_inputs.png","702041","5/10/2026 8:31:54 AM"
"03_Homeworks\Solutions_Archive\student_response\report.tex","32885","5/10/2026 8:31:54 AM"
"03_Homeworks\Solutions_Archive\style_include.tex","5075","5/10/2026 8:31:54 AM"
"03_Homeworks\Solutions_Archive\symbols.sty","2329","5/10/2026 8:31:54 AM"
"04_Projects\CoTracker\code\.gitignore","265","3/18/2026 11:25:21 PM"
"04_Projects\CoTracker\code\assets\apple.mp4","1219872","3/18/2026 6:35:48 AM"
"04_Projects\CoTracker\code\assets\apple_mask.png","14581","3/18/2026 6:35:48 AM"
"04_Projects\CoTracker\code\assets\bmx-bumps.gif","7670915","3/18/2026 6:35:48 AM"
"04_Projects\CoTracker\code\assets\teaser.png","6030677","3/18/2026 6:35:48 AM"
"04_Projects\CoTracker\code\CODE_OF_CONDUCT.md","3613","3/18/2026 6:35:48 AM"
"04_Projects\CoTracker\code\CONTRIBUTING.md","1164","3/18/2026 6:35:48 AM"
"04_Projects\CoTracker\code\cotracker.egg-info\dependency_links.txt","1","3/18/2026 6:41:43 AM"
"04_Projects\CoTracker\code\cotracker.egg-info\PKG-INFO","122","3/18/2026 6:41:43 AM"
"04_Projects\CoTracker\code\cotracker.egg-info\requires.txt","38","3/18/2026 6:41:43 AM"
"04_Projects\CoTracker\code\cotracker.egg-info\SOURCES.txt","1310","3/18/2026 6:41:43 AM"
"04_Projects\CoTracker\code\cotracker.egg-info\top_level.txt","10","3/18/2026 6:41:43 AM"
"04_Projects\CoTracker\code\cotracker\__init__.py","202","3/18/2026 6:35:48 AM"
"04_Projects\CoTracker\code\cotracker\evaluation\__init__.py","202","3/18/2026 6:35:48 AM"
"04_Projects\CoTracker\code\cotracker\evaluation\configs\eval_dynamic_replica.yaml","102","3/18/2026 6:35:48 AM"
"04_Projects\CoTracker\code\cotracker\evaluation\configs\eval_tapvid_davis_first.yaml","105","3/18/2026 6:35:48 AM"
"04_Projects\CoTracker\code\cotracker\evaluation\configs\eval_tapvid_davis_strided.yaml","107","3/18/2026 6:35:48 AM"
"04_Projects\CoTracker\code\cotracker\evaluation\configs\eval_tapvid_kinetics_first.yaml","108","3/18/2026 6:35:48 AM"
"04_Projects\CoTracker\code\cotracker\evaluation\configs\eval_tapvid_robotap_first.yaml","100","3/18/2026 6:35:48 AM"
"04_Projects\CoTracker\code\cotracker\evaluation\configs\eval_tapvid_stacking_first.yaml","108","3/18/2026 6:35:48 AM"
"04_Projects\CoTracker\code\cotracker\evaluation\configs\eval_tapvid_stacking_strided.yaml","110","3/18/2026 6:35:48 AM"
"04_Projects\CoTracker\code\cotracker\evaluation\core\__init__.py","202","3/18/2026 6:35:48 AM"
"04_Projects\CoTracker\code\cotracker\evaluation\core\eval_utils.py","6319","3/18/2026 6:35:48 AM"
"04_Projects\CoTracker\code\cotracker\evaluation\core\evaluator.py","10983","3/18/2026 6:35:48 AM"
"04_Projects\CoTracker\code\cotracker\evaluation\evaluate.py","6708","3/18/2026 6:35:48 AM"
"04_Projects\CoTracker\code\cotracker\models\__init__.py","202","3/18/2026 6:35:48 AM"
"04_Projects\CoTracker\code\cotracker\models\bootstap_predictor.py","2370","3/18/2026 6:35:48 AM"
"04_Projects\CoTracker\code\cotracker\models\build_cotracker.py","1545","3/18/2026 6:35:48 AM"
"04_Projects\CoTracker\code\cotracker\models\core\__init__.py","202","3/18/2026 6:35:48 AM"
"04_Projects\CoTracker\code\cotracker\models\core\cotracker\__init__.py","202","3/18/2026 6:35:48 AM"
"04_Projects\CoTracker\code\cotracker\models\core\cotracker\blocks.py","14384","3/18/2026 6:35:48 AM"
"04_Projects\CoTracker\code\cotracker\models\core\cotracker\cotracker.py","22259","3/18/2026 6:35:48 AM"
"04_Projects\CoTracker\code\cotracker\models\core\cotracker\cotracker3_offline.py","8934","3/18/2026 6:35:48 AM"
"04_Projects\CoTracker\code\cotracker\models\core\cotracker\cotracker3_online.py","21486","3/18/2026 6:35:48 AM"
"04_Projects\CoTracker\code\cotracker\models\core\cotracker\losses.py","4346","3/18/2026 6:35:48 AM"
"04_Projects\CoTracker\code\cotracker\models\core\embeddings.py","4088","3/18/2026 6:35:48 AM"
"04_Projects\CoTracker\code\cotracker\models\core\model_utils.py","14576","3/18/2026 6:35:48 AM"
"04_Projects\CoTracker\code\cotracker\models\evaluation_predictor.py","7355","3/18/2026 6:35:48 AM"
"04_Projects\CoTracker\code\cotracker\predictor.py","11809","3/18/2026 6:35:48 AM"
"04_Projects\CoTracker\code\cotracker\utils\__init__.py","202","3/18/2026 6:35:48 AM"
"04_Projects\CoTracker\code\cotracker\utils\train_utils.py","8958","3/18/2026 6:35:48 AM"
"04_Projects\CoTracker\code\cotracker\utils\visualizer.py","13427","3/18/2026 6:35:48 AM"
"04_Projects\CoTracker\code\cotracker\version.py","229","3/18/2026 6:35:48 AM"
"04_Projects\CoTracker\code\demo.py","3542","3/18/2026 6:35:48 AM"
"04_Projects\CoTracker\code\Dockerfile","879","3/18/2026 5:57:10 PM"
"04_Projects\CoTracker\code\docs\data_sources.md","3669","3/18/2026 11:22:54 PM"
"04_Projects\CoTracker\code\docs\Makefile","310","3/18/2026 6:35:48 AM"
"04_Projects\CoTracker\code\docs\paper_summary.md","3581","3/18/2026 10:50:47 PM"
"04_Projects\CoTracker\code\docs\repro_setup.md","2293","3/18/2026 5:57:10 PM"
"04_Projects\CoTracker\code\docs\source\apis\models.rst","212","3/18/2026 6:35:48 AM"
"04_Projects\CoTracker\code\docs\source\apis\utils.rst","194","3/18/2026 6:35:48 AM"
"04_Projects\CoTracker\code\docs\source\conf.py","957","3/18/2026 6:35:48 AM"
"04_Projects\CoTracker\code\docs\source\index.rst","439","3/18/2026 6:35:48 AM"
"04_Projects\CoTracker\code\docs\source\references.bib","277","3/18/2026 6:35:48 AM"
"04_Projects\CoTracker\code\docs\workflow_log.md","12072","3/20/2026 2:00:58 AM"
"04_Projects\CoTracker\code\eval_outputs\tapvid_davis_first_offline\expconfig.yaml","356","3/18/2026 7:51:53 PM"
"04_Projects\CoTracker\code\eval_outputs\tapvid_davis_first_offline\result_eval_.json","501","3/18/2026 8:00:20 PM"
"04_Projects\CoTracker\code\eval_outputs\tapvid_davis_first_offline\tapvid_davis_first_0.mp4","460276","3/18/2026 7:52:22 PM"
"04_Projects\CoTracker\code\eval_outputs\tapvid_davis_first_online\expconfig.yaml","355","3/18/2026 7:11:54 PM"
"04_Projects\CoTracker\code\eval_outputs\tapvid_davis_first_online\result_eval_.json","503","3/18/2026 7:12:59 PM"
"04_Projects\CoTracker\code\eval_outputs\tapvid_davis_first_online_rerun\expconfig.yaml","361","3/18/2026 7:47:45 PM"
"04_Projects\CoTracker\code\eval_outputs\tapvid_davis_first_online_rerun\result_eval_.json","503","3/18/2026 7:48:48 PM"
"04_Projects\CoTracker\code\gradio_demo\app.py","21989","3/18/2026 6:35:48 AM"
"04_Projects\CoTracker\code\gradio_demo\requirements.txt","216","3/18/2026 6:35:48 AM"
"04_Projects\CoTracker\code\gradio_demo\videos\apple.mp4","1219872","3/18/2026 6:35:48 AM"
"04_Projects\CoTracker\code\gradio_demo\videos\backpack.mp4","1208738","3/18/2026 6:35:48 AM"
"04_Projects\CoTracker\code\gradio_demo\videos\bear.mp4","893943","3/18/2026 6:35:48 AM"
"04_Projects\CoTracker\code\gradio_demo\videos\cat.mp4","253409","3/18/2026 6:35:48 AM"
"04_Projects\CoTracker\code\gradio_demo\videos\paragliding.mp4","437963","3/18/2026 6:35:48 AM"
"04_Projects\CoTracker\code\gradio_demo\videos\paragliding-launch.mp4","829010","3/18/2026 6:35:48 AM"
"04_Projects\CoTracker\code\gradio_demo\videos\pillow.mp4","1407147","3/18/2026 6:35:48 AM"
"04_Projects\CoTracker\code\gradio_demo\videos\teddy.mp4","1337504","3/18/2026 6:35:48 AM"
"04_Projects\CoTracker\code\hubconf.py","4167","3/18/2026 6:35:48 AM"
"04_Projects\CoTracker\code\launch_training_kubric_offline.sh","1491","3/18/2026 6:35:48 AM"
"04_Projects\CoTracker\code\launch_training_kubric_online.sh","1407","3/18/2026 6:35:48 AM"
"04_Projects\CoTracker\code\launch_training_scaling_offline.sh","1587","3/18/2026 6:35:48 AM"
"04_Projects\CoTracker\code\launch_training_scaling_online.sh","1592","3/18/2026 6:35:48 AM"
"04_Projects\CoTracker\code\LICENSE.md","19730","3/18/2026 6:35:48 AM"
"04_Projects\CoTracker\code\notebooks\demo.ipynb","14501941","3/18/2026 6:35:48 AM"
"04_Projects\CoTracker\code\online_demo.py","3365","3/18/2026 6:35:48 AM"
"04_Projects\CoTracker\code\PROJECT_IMPLEMENTATION_GUIDE.md","12132","3/18/2026 6:29:29 PM"
"04_Projects\CoTracker\code\project_results\README.md","1099","3/20/2026 2:00:58 AM"
"04_Projects\CoTracker\code\project_results\tables\batch_collected_20260320_failure_analysis.csv","4607","3/20/2026 2:00:17 AM"
"04_Projects\CoTracker\code\project_results\tables\batch_collected_20260320_summary.csv","6651","3/20/2026 2:00:17 AM"
"04_Projects\CoTracker\code\project_results\tables\benchmark_summary.csv","528","3/18/2026 10:50:47 PM"
"04_Projects\CoTracker\code\project_results\tables\failure_analysis_template.csv","238","3/18/2026 10:50:47 PM"
"04_Projects\CoTracker\code\project_results\videos\batch_collected_20260320\offline\122Eyes1950_512kb_offline.mp4","635546","3/20/2026 1:14:12 AM"
"04_Projects\CoTracker\code\project_results\videos\batch_collected_20260320\offline\apple_offline.mp4","1287725","3/20/2026 1:07:03 AM"
"04_Projects\CoTracker\code\project_results\videos\batch_collected_20260320\offline\aurora_drag_race_set_512kb_offline.mp4","500494","3/20/2026 1:19:58 AM"
"04_Projects\CoTracker\code\project_results\videos\batch_collected_20260320\offline\bmx-bumps_offline.mp4","2662879","3/20/2026 1:07:12 AM"
"04_Projects\CoTracker\code\project_results\videos\batch_collected_20260320\offline\CaseofSp1940_512kb_offline.mp4","289928","3/20/2026 1:23:40 AM"
"04_Projects\CoTracker\code\project_results\videos\batch_collected_20260320\offline\Designfo1956_512kb_offline.mp4","634283","3/20/2026 1:32:10 AM"
"04_Projects\CoTracker\code\project_results\videos\batch_collected_20260320\offline\ParkCons1938_512kb_offline.mp4","634873","3/20/2026 1:37:13 AM"
"04_Projects\CoTracker\code\project_results\videos\batch_collected_20260320\offline\Sleepfor1950_512kb_offline.mp4","356166","3/20/2026 1:39:46 AM"
"04_Projects\CoTracker\code\project_results\videos\batch_collected_20260320\offline\Streetof1937_512kb_offline.mp4","449073","3/20/2026 1:49:37 AM"
"04_Projects\CoTracker\code\project_results\videos\batch_collected_20260320\offline\TipTopsi1934_512kb_offline.mp4","461486","3/20/2026 1:54:01 AM"
"04_Projects\CoTracker\code\project_results\videos\batch_collected_20260320\offline\TradingC1947_512kb_offline.mp4","157163","3/20/2026 1:57:09 AM"
"04_Projects\CoTracker\code\project_results\videos\batch_collected_20260320\offline\WillieSh1950_512kb_offline.mp4","616618","3/20/2026 2:00:16 AM"
"04_Projects\CoTracker\code\project_results\videos\batch_collected_20260320\online\122Eyes1950_512kb_online.mp4","523641","3/20/2026 1:12:38 AM"
"04_Projects\CoTracker\code\project_results\videos\batch_collected_20260320\online\apple_online.mp4","1278605","3/20/2026 1:07:00 AM"
"04_Projects\CoTracker\code\project_results\videos\batch_collected_20260320\online\aurora_drag_race_set_512kb_online.mp4","503787","3/20/2026 1:18:36 AM"
"04_Projects\CoTracker\code\project_results\videos\batch_collected_20260320\online\bmx-bumps_online.mp4","2679567","3/20/2026 1:07:10 AM"
"04_Projects\CoTracker\code\project_results\videos\batch_collected_20260320\online\CaseofSp1940_512kb_online.mp4","282856","3/20/2026 1:21:35 AM"
"04_Projects\CoTracker\code\project_results\videos\batch_collected_20260320\online\Designfo1956_512kb_online.mp4","536575","3/20/2026 1:30:44 AM"
"04_Projects\CoTracker\code\project_results\videos\batch_collected_20260320\online\ParkCons1938_512kb_online.mp4","433584","3/20/2026 1:35:48 AM"
"04_Projects\CoTracker\code\project_results\videos\batch_collected_20260320\online\Sleepfor1950_512kb_online.mp4","472398","3/20/2026 1:38:31 AM"
"04_Projects\CoTracker\code\project_results\videos\batch_collected_20260320\online\Streetof1937_512kb_online.mp4","341885","3/20/2026 1:48:02 AM"
"04_Projects\CoTracker\code\project_results\videos\batch_collected_20260320\online\TipTopsi1934_512kb_online.mp4","474643","3/20/2026 1:52:35 AM"
"04_Projects\CoTracker\code\project_results\videos\batch_collected_20260320\online\TradingC1947_512kb_online.mp4","165406","3/20/2026 1:56:07 AM"
"04_Projects\CoTracker\code\project_results\videos\batch_collected_20260320\online\WillieSh1950_512kb_online.mp4","492401","3/20/2026 1:59:05 AM"
"04_Projects\CoTracker\code\project_scripts\batch_run_collected_videos.py","11786","3/20/2026 1:06:36 AM"
"04_Projects\CoTracker\code\project_scripts\collect_project_data.py","12974","3/18/2026 11:22:54 PM"
"04_Projects\CoTracker\code\project_scripts\README.md","1667","3/20/2026 1:06:36 AM"
"04_Projects\CoTracker\code\README.md","18246","3/18/2026 5:57:10 PM"
"04_Projects\CoTracker\code\requirements-lock.txt","3428","3/18/2026 5:57:10 PM"
"04_Projects\CoTracker\code\requirements-repro.txt","214","3/18/2026 5:57:10 PM"
"04_Projects\CoTracker\code\saved_videos\demo_offline_explicit.mp4","1287725","3/18/2026 6:46:17 PM"
"04_Projects\CoTracker\code\saved_videos\demo_online_explicit.mp4","1278605","3/18/2026 6:46:09 PM"
"04_Projects\CoTracker\code\saved_videos\video.mp4","1287725","3/18/2026 6:46:17 PM"
"04_Projects\CoTracker\code\scripts\setup_venv.ps1","2486","3/18/2026 5:57:10 PM"
"04_Projects\CoTracker\code\scripts\setup_venv.sh","1792","3/18/2026 5:57:10 PM"
"04_Projects\CoTracker\code\setup.py","480","3/18/2026 6:35:48 AM"
"04_Projects\CoTracker\code\tests\test_bilinear_sample.py","1858","3/18/2026 5:57:10 PM"
"04_Projects\CoTracker\code\train_on_kubric.py","25341","3/18/2026 6:28:51 PM"
"04_Projects\CoTracker\code\train_on_real_data.py","30668","3/18/2026 6:28:54 PM"
"04_Projects\FaceXFormer\code\.latexmkrc","85","5/10/2026 8:31:00 AM"
"04_Projects\FaceXFormer\code\assets\asset_manifest.md","2092","5/10/2026 8:31:00 AM"
"04_Projects\FaceXFormer\code\assets\fig1_facexformer_pipeline.png","1036537","5/10/2026 8:31:00 AM"
"04_Projects\FaceXFormer\code\assets\fig2_facex_decoder_block.png","1001720","5/10/2026 8:31:00 AM"
"04_Projects\FaceXFormer\code\assets\fig3_staged_training_timeline.png","1027845","5/10/2026 8:31:00 AM"
"04_Projects\FaceXFormer\code\assets\fig4_baseline_inference_bars.png","1043064","5/10/2026 8:31:00 AM"
"04_Projects\FaceXFormer\code\assets\fig5_training_results_flagged.png","1240888","5/10/2026 8:31:00 AM"
"04_Projects\FaceXFormer\code\assets\fig7_loss_scale_comparison.png","999484","5/10/2026 8:31:00 AM"
"04_Projects\FaceXFormer\code\assets\fig8_gap_analysis_heatmap.png","1075288","5/10/2026 8:31:00 AM"
"04_Projects\FaceXFormer\code\main.pdf","534144","5/10/2026 8:31:00 AM"
"04_Projects\FaceXFormer\code\main.tex","80355","5/10/2026 8:31:00 AM"
"04_Projects\FaceXFormer\code\README.md","460","5/10/2026 8:31:00 AM"
"04_Projects\FaceXFormer\presentation\FaceXFormer_Reproduction.pptx","550184","4/27/2026 10:38:20 PM"
"04_Projects\FaceXFormer\proposal\FaceXFormer_Proposal.pdf","139722","3/23/2026 2:18:59 AM"
"04_Projects\FaceXFormer\report\Reproducing_FaceXFormer__A_Unified_Transformerfor_Multi_Task_Facial_Analysis.pdf","141265","3/23/2026 11:02:23 PM"
"05_Exams\CS593CVD-midterm-solutions.pdf","247584","4/14/2026 4:24:37 AM"
"99_Tracking\MISSING_ITEMS.md","558","7/6/2026 2:17:23 PM"
"README.md","4089","7/6/2026 10:46:34 PM"
